#{"t_start": 1718180048.745562, "env_id": "None"}
r,l,t,num_wraps,c
-329.215454,100,3.960647,0.0,0
-354.478018,100,7.835612,0.0,0
-361.236487,100,11.924965,0.0,0
-351.03607,100,16.386477,0.0,0
-335.405618,100,20.749836,0.0,1
-370.063617,100,25.714156,0.0,0
-327.076188,100,30.393414,0.0,1
-330.349841,100,34.839195,0.0,0
-351.951989,100,39.351927,0.0,0
-339.241269,100,44.185117,0.0,0
-308.841432,100,49.317325,0.0,0
-308.314396,95,54.40475,0.900460535699207,1
-338.187387,100,60.793447,0.0,0
-348.538669,100,67.293244,0.0,0
-342.790363,100,72.993555,0.0,0
-323.301598,100,78.204332,0.0,1
-350.565027,100,82.690368,0.0,0
-342.498868,100,87.01397,0.0,0
-348.693129,100,91.137451,0.0,0
-337.215329,100,95.196286,0.0,0
-324.354045,100,99.214311,0.0,0
-322.179546,100,103.395762,0.0,0
-357.555589,100,107.881136,0.0,0
-352.455012,100,112.187412,0.0,0
-356.630396,100,116.358263,0.0,0
-337.752141,100,120.171809,0.16760609529716938,3
-362.720335,100,124.089041,0.0,0
-353.532679,100,128.233594,0.0,0
-336.069302,100,131.91535,0.0,0
-343.790913,100,135.466765,0.0,0
-311.378513,100,139.112447,0.0,0
-357.334444,100,143.394551,0.0,0
-323.705887,100,147.19837,0.0,0
-347.149058,100,151.490348,0.0,0
-346.319557,100,155.590174,0.0,0
-322.725803,100,159.647391,0.0,0
-309.852286,100,163.975824,0.0,0
-286.206027,100,168.070561,0.0,0
-360.801146,100,171.958878,0.0,0
-296.621831,93,175.717018,1.0892817723333403,1
-320.261253,100,179.644885,0.0,0
-320.896861,100,183.460547,0.0,0
-322.019735,100,187.294737,0.0,0
-317.447468,100,191.287789,0.8566904010671403,2
-300.298152,100,195.109283,0.0,0
-325.194161,100,199.012653,0.0,0
-167.378014,62,201.694947,0.906681712875381,0
-331.609453,100,205.458739,0.0,1
-305.787155,100,209.356415,0.0,0
-331.281918,100,213.041133,0.0,0
-302.339152,100,239.257218,0.0,0
-324.269747,100,242.785758,0.0,0
-284.508365,100,246.698342,0.0,0
-309.758539,100,250.267134,0.0,2
-43.260523,16,250.854245,0.902059345273574,0
-215.540619,74,253.534985,0.9009107578088399,0
-314.028058,100,257.135874,0.0,0
-316.330756,100,260.598258,0.0,0
-323.501879,100,264.099289,0.0,0
-317.910416,100,267.633939,0.0,0
-317.427209,100,271.190251,0.0,0
-307.212101,100,274.819769,0.0,0
-309.113815,100,278.330338,0.0,0
-321.958735,100,281.812128,0.0,0
-37.945795,14,282.290269,0.9051986684634569,0
-309.162413,100,285.738613,0.0,1
-319.402125,100,289.270885,0.0,0
-307.269343,100,293.059271,0.0,2
-318.92596,100,296.853735,0.0,0
-307.290759,100,300.955876,0.0,0
-287.967175,100,305.072006,0.5716515910620216,0
-312.833767,100,310.694525,0.0,0
-312.208901,100,315.727741,0.0,0
-313.706845,100,320.190905,0.0,0
-44.317656,18,321.031237,0.900140884638359,2
-317.470622,100,325.354169,0.0,0
-319.866354,100,329.882121,0.0,0
-315.754484,100,334.343605,0.0,0
-311.202107,100,338.906026,0.0,0
-306.050179,100,343.792005,0.0,0
-318.610717,100,348.938477,0.0,0
-317.435446,100,355.307504,0.0,0
-39.452513,15,356.029246,0.909141998710314,0
-41.814474,16,356.876515,0.9002672908045273,0
-319.940908,100,361.888564,0.0,0
-323.538745,100,366.428781,0.0,0
-321.979434,100,371.256584,0.0,0
-313.177368,100,376.086972,0.0,1
-317.323443,100,380.931467,0.0,0
-69.431407,25,382.166774,0.9029562357123861,0
-313.068236,100,386.872947,0.0,0
-42.018583,16,387.553364,0.9055080820374287,0
-36.991762,14,388.200497,0.9017667768756313,0
-313.416437,100,392.932537,0.0,0
-44.152974,17,393.767056,0.9038721941870147,0
-316.640538,100,398.52775,0.0,0
-141.865541,50,400.761816,0.9772381408299852,1
-316.420634,100,405.316331,0.0,0
-41.80152,16,406.056359,0.9035631195416518,0
-318.068179,100,410.458135,0.0,0
-324.051402,100,415.008504,0.0,0
-321.423935,100,419.571086,0.0,0
-318.949776,100,424.111823,0.0,0
-323.169576,100,428.919041,0.0,0
-320.555119,100,433.575912,0.0,0
-319.008081,100,438.036863,0.0,0
-327.050121,100,442.937132,0.0,0
-317.593123,100,447.79412,0.0,0
-319.808532,100,452.741439,0.0,0
-40.061394,15,453.452737,0.9217071528054771,0
-329.254449,100,490.500575,0.0,0
-321.027907,100,496.581396,0.0,0
-44.373642,17,497.693302,0.9008108700499521,0
-37.377659,14,498.4497,0.9006815239732628,0
-314.942793,100,504.098568,0.0,2
-287.415269,100,509.747297,0.43530557072519177,0
-312.846164,100,515.357136,0.0,2
-324.307935,100,520.962258,0.0,0
-323.642774,100,526.500299,0.0,0
-321.068485,100,531.953591,0.0,0
-42.095402,16,532.801182,0.9030210309524639,0
-318.744116,100,538.14813,0.0,0
-318.478785,100,543.648829,0.0,0
-323.519397,100,549.27608,0.0,0
-320.669764,100,554.639388,0.0,0
-320.486807,100,559.437156,0.0,0
-313.579945,100,564.654513,0.0,0
-320.883699,100,569.878583,0.0,0
-321.701451,100,574.712216,0.0,0
-324.087991,100,579.731806,0.0,0
-320.700177,100,584.823543,0.0,0
-316.949913,100,592.129654,0.0,0
-318.787379,100,597.749404,0.0,3
-317.555281,100,603.329493,0.0,0
-318.862957,100,609.035747,0.0,0
-47.344444,19,610.078643,0.9017782503042114,0
-320.95757,100,615.271265,0.0,0
-318.634684,100,620.53869,0.0,0
-315.412491,100,625.612892,0.0,0
-317.914846,100,630.832369,0.0,0
-315.064877,100,636.400536,0.0,0
-306.938866,100,642.031572,0.0,0
-315.355099,100,647.606784,0.0,0
-43.187846,16,648.479284,0.9002655060466775,0
-315.106806,100,653.829539,0.0,0
-63.031484,27,655.293004,0.9003428296962942,0
-58.978991,25,656.66003,0.9025175668869364,0
-309.241354,100,661.478079,0.0,0
-318.017843,100,666.739605,0.0,0
-305.275165,100,671.700692,0.0,0
-307.546068,100,676.826863,0.0,0
-35.504645,13,677.494402,0.9045773512293471,0
-314.682465,100,682.227359,0.0,0
-314.132301,100,687.279891,0.0,0
-315.635498,100,691.993078,0.0,0
-316.323986,100,696.859287,0.0,0
-41.66227,16,697.661478,0.9019348785838759,0
-318.758242,100,702.282078,0.0,0
-34.086821,13,702.843508,0.9031536122471006,0
-309.170615,100,707.50971,0.0,0
-45.183619,17,708.297292,0.9046594345544793,0
-45.026455,17,709.076025,0.9028305545090395,0
-275.683893,89,713.046575,1.1245486290007978,0
-296.193696,100,717.513218,0.0,0
-42.875704,16,718.253724,0.9099738891633417,0
-41.223751,16,718.934523,0.9049490764748109,0
-311.695336,100,723.658392,0.08409343841471933,0
-43.930157,17,724.356735,0.9057167911542814,0
-288.839668,100,729.856169,0.5093064946861529,0
-39.851556,16,730.615019,0.9012289969675269,0
-315.906701,100,735.322245,0.0,0
-296.609921,100,740.184929,0.12994951739935534,0
-39.618776,15,740.861666,0.90434175636919,0
-313.958255,100,745.13895,0.0,0
-200.955749,68,777.812261,0.9085220581140645,0
-291.971132,100,783.425848,0.29412420589347565,0
-291.616607,100,789.446069,0.14449625569705082,0
-311.578719,100,795.766966,0.0,0
-312.33807,100,801.17299,0.0,0
-33.991704,13,801.800488,0.9053496567172399,0
-57.160956,24,802.94735,0.9003865416135239,0
-50.640916,22,803.931521,0.9001451800512091,0
-315.449963,100,808.781776,0.0,0
-312.288384,100,813.851687,0.0,0
-314.074891,100,818.443675,0.0,0
-298.321335,100,822.94008,0.03242654239401183,0
-316.425128,100,827.193803,0.0,0
-307.732084,100,831.512568,0.0,0
-296.206445,100,836.015367,0.027354315612315515,0
-42.382376,16,836.779425,0.9015720993000482,0
-42.14327,16,837.525346,0.9001645509881404,0
-312.907629,100,842.291803,0.0,0
-309.609565,100,846.988638,0.0,0
-51.809904,21,848.067446,0.9001210971329269,0
-295.252362,100,853.043875,0.0,0
-34.024496,13,853.689249,0.9038324005619158,0
-39.737428,15,854.442955,0.9081879812388794,0
-38.973703,15,855.198385,0.9020592213470313,0
-39.747637,17,856.11212,0.9002593327580605,0
-265.747075,100,862.014718,0.413038039142573,0
-34.244883,13,862.662198,0.908073930538771,0
-297.770872,100,867.534079,0.0,0
-36.150802,14,868.22918,0.9006593391682352,0
-311.708452,100,873.063309,0.0,0
-290.740412,100,878.127418,0.1257052346116924,0
-307.911182,100,883.505482,0.0,0
-41.280507,16,884.355857,0.9066871946627559,0
-293.334896,100,889.951044,0.3138139836040423,0
-35.835966,14,890.727221,0.9026859282517391,0
-293.598262,100,896.732622,0.1755251161397741,0
-34.26653,13,897.510776,0.9034853429354593,0
-179.129085,62,900.962786,0.9000975084200674,0
-43.107148,16,901.769058,0.9079803003890087,0
-309.195631,100,907.517382,0.0,0
-40.007578,15,908.500271,0.9011421413884478,0
-307.390313,100,914.361726,0.0,0
-294.864732,100,922.437219,0.0,0
-285.12576,100,929.449981,0.30071168743226806,0
-284.251788,100,937.419088,0.5152386053259309,0
-305.742095,100,944.454915,0.0,0
-51.868562,22,946.093828,0.9008508049626219,0
-46.49222,18,947.436001,0.9000229626695045,0
-305.846835,100,954.448159,0.0,0
-302.177724,100,960.979847,0.026967938347303218,0
-304.72238,100,967.069194,0.0,0
-309.45109,100,972.50844,0.0,0
-306.233074,100,977.907005,0.0,0
-314.16294,100,983.465602,0.0,0
-285.380632,100,989.51609,0.4145820786815101,0
-307.420968,100,994.789014,0.0,0
-36.483499,15,995.589507,0.9032617661850526,0
-284.857455,100,1000.650768,0.0,0
-293.430791,100,1006.263098,0.04077887152585923,0
-297.802933,100,1011.691621,0.0,0
-169.265275,61,1014.760389,0.9054976242894309,0
-31.593629,12,1015.358078,0.9009342624543888,0
-292.904727,100,1020.760718,0.4495205222861003,0
-306.009189,100,1025.99042,0.0,0
-306.664251,100,1034.078949,0.0,0
-38.005215,15,1035.066057,0.9011114945176071,0
-294.253167,100,1041.110278,0.12520142658582395,0
-33.571921,13,1042.042042,0.9008865502578037,0
-307.421261,100,1047.538151,0.0,0
-304.041682,100,1053.307117,0.0,0
-295.059889,100,1059.701872,0.022073872200454557,0
-87.41722,31,1101.663894,0.9051132237581486,0
-309.496881,100,1124.263382,0.0,0
-296.988514,100,1131.60358,0.0689426238085793,0
-303.712546,100,1138.252027,0.04634421903964647,0
-33.458026,13,1139.196506,0.9020694663622582,0
-302.269093,100,1146.363091,0.0,0
-254.327266,100,1152.724167,0.15780706676048445,0
-46.279467,18,1153.906075,0.9029340510539725,0
-56.520526,24,1155.324776,0.9003962191681235,0
-269.517486,100,1161.596928,0.4017853013156778,0
-252.202363,83,1166.132836,0.9134115585018846,0
-307.984622,100,1171.889071,0.0,0
-294.748272,100,1177.938373,0.041846837508061126,0
-290.874665,100,1183.257899,0.015001636237924358,0
-308.00779,100,1188.811452,0.0,0
-165.786544,57,1191.901641,0.92977447243468,0
-296.329721,100,1197.370561,0.06903726133453533,0
-304.924842,100,1202.74307,0.0,0
-217.996317,76,1207.056702,0.926157508070713,0
-36.400882,14,1207.736378,0.9292935846252514,0
-306.438719,100,1212.422013,0.0,0
-39.555981,15,1213.154181,0.9048588203782346,0
-303.733904,100,1219.391248,0.0,0
-31.736206,12,1220.055546,0.9049654624313948,0
-33.31225,13,1220.751296,0.9052487786226538,0
-307.060913,100,1226.011031,0.0,0
-34.089628,13,1226.714657,0.9008838198605774,0
-296.755181,100,1233.058697,0.002056222657761901,0
-308.805054,100,1238.789632,0.0,0
-78.558899,36,1241.085962,0.9000147877221912,0
-39.661382,15,1241.91636,0.903961097105442,0
-303.228662,100,1248.293556,0.0,0
-308.653955,100,1254.849983,0.0,0
-305.937024,100,1260.949891,0.0,0
-308.093474,100,1267.583576,0.0,0
-308.923093,100,1274.050664,0.0,0
-41.570672,16,1275.081265,0.9055746102429765,0
-29.062792,11,1275.832566,0.9015685712148728,0
-300.280593,100,1282.528237,0.0,0
-305.992077,100,1289.024232,0.0,0
-34.181208,13,1289.892566,0.9011142020399774,0
-299.702507,100,1296.534223,0.016315113681016274,0
-53.22275,23,1298.175698,0.9015800376541739,0
-227.006514,79,1303.488805,0.9042538203786474,0
-314.44257,100,1310.200547,0.0,0
-306.862427,100,1317.324876,0.0,0
-44.611872,17,1318.453403,0.901321076908893,0
-307.082397,100,1325.044412,0.0,0
-302.957631,100,1332.257813,0.31991969013679317,0
-307.714502,100,1338.364757,0.0,0
-304.055535,100,1344.242481,0.0,0
-44.302786,17,1345.230353,0.9043359777317911,0
-304.1261,100,1350.694324,0.08107896626560811,0
-307.741815,100,1356.022663,0.0,0
-34.331432,13,1356.724368,0.9174593224841745,0
-79.735006,33,1358.73775,0.9014476303835367,0
-299.162548,100,1364.131381,0.12327989112847094,0
-43.797618,17,1365.03003,0.9056653810319765,0
-60.133139,27,1366.553549,0.9005408649731073,0
-302.95099,100,1371.932059,0.0,0
-310.723115,100,1377.105169,0.0,0
-40.621035,15,1377.897456,0.9055134953124896,0
-42.730321,16,1378.721245,0.9170056861388337,0
-42.565065,17,1379.64464,0.9017597268027002,0
-36.54823,14,1380.404456,0.9013702123230255,0
-307.656788,100,1385.911683,0.0,0
-303.866538,100,1390.39105,0.0,1
-46.862095,21,1391.36039,0.9001123384131128,0
-54.468151,22,1392.370038,0.9034540522925539,0
-44.037598,17,1393.106732,0.9056191011716167,0
-44.638443,19,1394.092099,0.9004851023459128,0
-33.801632,13,1394.747604,0.9010390380714515,0
-47.458522,21,1395.845422,0.9010155286206339,0
-308.801865,100,1400.545632,0.0,0
-171.775849,60,1403.130927,0.90325099298911,0
-42.186061,16,1403.807667,0.908058982792655,0
-36.433402,14,1404.527895,0.9030752830292524,0
-308.270745,100,1409.387231,0.0,0
-260.172994,91,1445.324055,1.0227358843499268,0
-47.459671,18,1445.954128,0.9047060232691131,0
-298.57932,100,1449.567994,0.21285679136184146,0
-304.492323,100,1452.861489,0.0,0
-40.526659,17,1453.434973,0.9004260235886337,0
-31.21607,12,1453.813935,0.9044636899633081,0
-299.411583,100,1457.210798,0.06481893914764021,1
-36.672811,14,1457.698679,0.9047470370964308,0
-303.440008,100,1460.962633,0.05719418065339258,0
-36.838304,14,1461.440586,0.9102380010575438,0
-304.659276,100,1464.632965,0.0,0
-299.001782,100,1467.883883,0.0,0
-302.200231,100,1471.193312,0.04418165710404074,0
-210.149291,72,1473.648079,0.9018244818821202,0
-42.621582,16,1474.206914,0.9048790437809541,0
-51.849466,22,1475.086779,0.9007593447095448,0
-39.113357,15,1475.684912,0.9023426574546874,0
-303.866514,100,1479.16591,0.10017422803534273,0
-53.799356,22,1479.936336,0.9011361606572877,0
-33.913536,13,1480.3746,0.9011727157252769,0
-186.762396,66,1482.580115,0.900490572286131,0
-41.617249,16,1483.095183,0.9035849240631629,0
-294.793501,100,1486.171539,0.0,0
-281.519179,100,1489.555415,0.04685665672285873,0
-295.392367,100,1492.824784,0.09283211685095563,0
-37.562202,15,1493.277126,0.9105085569655668,0
-49.419636,19,1493.856804,0.9004082776422474,0
-38.71025,15,1494.34721,0.9030476718462672,0
-31.380447,12,1494.716375,0.9049276732417287,0
-310.737513,100,1497.962261,0.0,0
-33.757014,13,1498.368777,0.9077348875398155,0
-37.297686,14,1498.843034,0.905656637750548,0
-306.140758,100,1502.789459,0.0,0
-306.827589,100,1506.661368,0.0,0
-33.360889,13,1507.122216,0.9023863083764365,0
-41.827182,16,1507.628577,0.9051883856762615,0
-308.116638,100,1511.536331,0.0,0
-65.180102,30,1512.661933,0.9003124668069363,0
-39.093524,15,1513.201194,0.9073812260116808,0
-38.019465,15,1513.739983,0.9016818864194863,0
-38.061384,15,1514.300805,0.9003079497938609,0
-43.550108,17,1514.922263,0.9017985160129917,0
-29.128415,11,1515.357583,0.900081345612503,0
-29.237657,12,1515.787085,0.9007437563717663,0
-302.132224,100,1519.506691,0.0,0
-38.763266,15,1519.988962,0.9052312574532667,0
-301.6542,100,1523.298226,0.006418892667713733,0
-43.85878,17,1523.847063,0.9014380813220582,0
-296.028273,100,1527.409633,0.009347925875881326,0
-56.794209,25,1528.495631,0.900935463531061,0
-307.079496,100,1532.558251,0.0,0
-34.469605,14,1533.170827,0.9015847101604451,0
-35.707197,14,1533.82913,0.9025956458689836,0
-41.050935,16,1534.499515,0.9031443187141371,0
-58.063567,25,1535.600168,0.9017009309449269,0
-273.917846,100,1539.598837,0.11871662298171871,0
-29.263013,11,1540.004615,0.903165004445634,0
-300.441331,100,1543.650206,0.0,0
-72.561723,35,1544.995708,0.9002505139568792,0
-304.412351,100,1548.492668,0.04673641921104295,0
-36.717078,14,1549.01291,0.9042870870280719,0
-298.302426,100,1552.529149,0.14512497539678007,0
-36.053886,14,1553.04652,0.9073142112773002,0
-90.728708,42,1554.775733,0.90039259334984,0
-304.939786,100,1558.602528,0.0,0
-44.426855,17,1559.153265,0.9026604860097959,0
-309.638707,100,1562.847386,0.07150000556958384,2
-31.118335,12,1563.303854,0.9029458916510451,0
-35.672453,14,1563.779008,0.9008492487486032,0
-40.59246,16,1564.346036,0.9022428392612164,0
-306.289372,100,1567.703242,0.18038658091031842,0
-41.878423,16,1568.19828,0.9061195082085608,0
-267.574627,100,1571.745074,0.4926317116127091,0
-33.805493,13,1572.192023,0.9062224874623307,0
-255.737391,93,1575.424864,0.949474552887742,0
-40.054983,15,1575.897911,0.9007724816655621,0
-38.601291,15,1576.409368,0.900498550795295,0
-293.067684,100,1579.777954,0.09197831456248956,0
-38.412454,15,1580.278867,0.904340634771014,0
-219.880923,77,1582.780619,0.9062835727165126,0
-299.611684,100,1586.062677,0.0020402102565617326,0
-311.391029,100,1589.146998,0.0,0
-41.226262,18,1589.785954,0.9007293007291922,0
-305.933369,100,1592.896228,0.0,0
-303.413321,100,1596.09883,0.0,0
-296.885114,100,1599.415908,0.0,0
-42.597302,16,1599.917763,0.9007543107286777,0
-41.179076,15,1600.398238,0.9084353960623689,0
-300.788595,100,1603.707181,0.06347174058241592,0
-41.525611,16,1604.202691,0.9031466182203433,0
-34.972786,14,1604.629708,0.901193681410616,0
-39.815051,15,1605.081077,0.9008086680987991,0
-33.988939,13,1605.516416,0.9045292935306252,0
-299.134489,100,1608.890326,0.004012831435888335,0
-43.080095,16,1609.404023,0.9010430220086004,0
-278.985273,100,1612.603444,0.0,0
-307.034869,99,1615.84496,1.041461129388669,0
-36.502057,14,1616.373947,0.9061011481782377,0
-302.816253,100,1652.843079,0.0,0
-33.201193,13,1653.469286,0.9029920523805103,0
-301.371733,100,1658.907773,0.05021708353188577,0
-300.776734,100,1664.608761,0.01154019093466915,0
-43.768574,17,1665.435984,0.90047755912072,0
-36.423671,14,1666.144391,0.9029317609932966,0
-42.246124,16,1666.919971,0.9064466254869111,0
-306.680359,100,1671.944223,0.0,0
-45.16464,17,1672.989021,0.9003128274923325,0
-38.015859,15,1673.895588,0.9050019467656183,0
-305.657775,100,1679.130323,0.0,0
-36.269365,14,1679.912053,0.9038013775772312,0
-275.075138,100,1685.557738,0.0,0
-33.819974,13,1686.337642,0.904885944994967,0
-48.433445,19,1687.334761,0.9020505852583663,0
-149.88513,53,1690.5245,0.9007305466040524,0
-291.33964,100,1695.777606,0.0,0
-46.432586,18,1696.798225,0.9224492656644123,0
-306.69358,100,1701.799696,0.0,0
-275.991894,100,1706.542386,0.019499710371803494,0
-33.481133,13,1707.098805,0.9021322141554283,0
-305.261824,100,1711.439389,0.0,0
-145.526321,52,1713.484765,0.9010985465361097,0
-36.085646,14,1714.040681,0.9009470546346802,0
-39.217346,15,1714.624126,0.9010792332478681,0
-39.886031,15,1715.175349,0.9082693581295042,0
-306.528681,100,1719.276395,0.0,0
-43.819691,18,1719.996137,0.9024868478479566,0
-50.89108,21,1720.85505,0.9000141560007522,0
-48.94966,21,1721.739201,0.901744311886259,0
-272.295878,92,1725.188427,0.901419904503191,0
-302.813818,100,1728.782096,0.0,0
-36.480365,14,1729.347336,0.900800300504697,0
-303.108494,100,1733.392006,0.0,0
-28.971028,11,1734.083002,0.9074248703532951,0
-42.222355,16,1734.916861,0.9041519779046943,0
-302.583628,100,1739.240028,0.36063091150121096,0
-32.919833,13,1739.845952,0.9022644292329591,0
-32.128399,12,1740.42486,0.9033587968024007,0
-307.991669,100,1745.59277,0.1563778699842517,0
-38.501123,15,1746.386646,0.9016794554340527,0
-32.994844,13,1747.110055,0.9041851572251786,0
-29.206829,12,1747.705413,0.9070083295941038,0
-301.112444,100,1753.794598,0.08286043502634269,0
-37.427087,14,1754.515687,0.9061942547202125,0
-300.012526,100,1759.982203,0.0,0
-295.662082,100,1765.344181,0.026513392865496577,0
-32.936951,13,1765.985325,0.9036810042492315,0
-31.338211,12,1766.647699,0.9066856233336867,0
-302.203733,100,1772.382479,0.0,0
-41.411939,16,1773.502485,0.9033627516319159,0
-39.510047,15,1774.673361,0.9065506286218041,0
-280.729215,100,1781.61149,0.0,0
-42.546426,16,1782.282313,0.9043838837583426,0
-185.389474,72,1785.443985,0.9052183567352411,0
-301.237768,100,1790.042836,0.0,0
-31.46118,13,1790.611969,0.9007447364644212,0
-49.092688,20,1791.706123,0.9003763084432806,0
-41.982334,17,1792.600745,0.9043381876079893,0
-36.58642,14,1793.357465,0.904739938650465,0
-42.0849,16,1794.333233,0.9024232714347753,0
-305.405805,100,1799.782118,0.0,0
-42.444607,16,1800.495155,0.9016080654686711,0
-308.987244,100,1804.886885,0.0,0
-38.71856,15,1805.593271,0.9057391826009529,0
-62.936519,27,1807.028084,0.9000478278410792,0
-44.491474,17,1807.70453,0.9045802424999316,0
-45.034926,19,1808.635128,0.9034656727866844,0
-33.033175,13,1809.359483,0.9032959579277932,0
-307.901166,100,1813.382036,0.1813036715618335,0
-31.088992,12,1813.933895,0.9091491665338038,0
-42.074181,16,1814.688252,0.9043510660836905,0
-149.29429,53,1816.863976,0.9182999692461871,0
-245.812052,86,1820.953238,0.900582676598542,0
-36.647055,14,1821.675804,0.9087031816717176,0
-36.43392,14,1822.483946,0.903001678984802,0
-33.369759,13,1823.121298,0.905635163973474,0
-30.924732,12,1823.712026,0.9046373398135381,0
-47.714047,19,1824.695514,0.9003621098298038,0
-31.108965,12,1825.384939,0.9014625408951374,0
-28.93149,12,1825.941992,0.9037767217957987,0
-33.179131,13,1826.4592,0.9018324371453849,0
-36.961118,14,1827.134416,0.9058061347677206,0
-268.233315,90,1831.484514,0.9002545163603505,0
-36.327305,14,1832.07117,0.9057179764866723,0
-33.318823,13,1832.734929,0.9046549212939401,0
-166.110764,59,1835.295598,0.9128495286354581,0
-41.407531,16,1835.921595,0.9051811857328428,0
-35.747162,14,1836.452116,0.9009222578889275,0
-39.895191,15,1837.008754,0.90752596164656,0
-39.471198,15,1837.597701,0.9030898244580375,0
-44.967578,17,1838.233361,0.9049714886239503,0
-271.102315,100,1843.365656,0.42967359544603306,0
-36.130081,14,1844.052033,0.9029459394958282,0
-49.193862,20,1844.956837,0.9000568033765594,0
-164.522096,59,1847.667808,0.9028163051662789,0
-36.313594,14,1848.291904,0.9062047387836276,0
-39.764981,16,1848.946491,0.9028979747181783,0
-183.722182,74,1852.556628,0.9009941329223812,0
-44.603607,17,1853.212461,0.9021440752393128,0
-39.597889,15,1853.85751,0.9060259016264373,0
-308.610611,100,1858.130711,0.0,0
-37.920247,15,1858.788828,0.9070869959037462,0
-44.327007,17,1859.60522,0.9050003068453224,0
-278.760956,100,1863.931013,0.0,0
-36.611833,14,1864.575498,0.9039665645106906,0
-33.482562,13,1865.173351,0.9027300444484775,0
-31.307347,12,1865.678514,0.9078737518593392,0
-41.49976,16,1866.345067,0.9038300570333596,0
-33.83365,13,1866.914578,0.9015029778789794,0
-39.59605,15,1867.586876,0.9012542267316916,0
-41.63201,16,1868.275077,0.904785733594628,0
-306.472623,100,1872.770943,0.12503097895463247,0
-41.455063,16,1873.515405,0.9066885175062374,0
-42.181966,16,1874.285021,0.9062248907210223,0
-279.665157,100,1878.498353,0.02398994798329471,0
-38.805602,15,1879.135045,0.9022386742088839,0
-304.939387,100,1883.360299,0.05904663270368888,0
-34.306341,13,1883.889905,0.9059792027648436,0
-33.365919,13,1884.444936,0.9013948554708093,0
-43.901582,17,1885.041394,0.9022055685374529,0
-208.491633,73,1888.247342,0.9810687559689532,0
-56.465837,23,1889.281975,0.9015701153948835,0
-36.023457,14,1889.843324,0.9030191388001373,0
-190.883863,67,1928.202289,0.9003823805902151,0
-42.278185,17,1929.133092,0.9025180296196873,0
-305.88694,100,1936.017273,0.0,0
-35.44739,14,1936.795323,0.9060540512925835,0
-300.552325,100,1942.482032,0.04184342984245231,0
-301.393845,100,1948.224139,0.0,0
-43.833711,17,1948.96299,0.9015669046373695,0
-31.325816,12,1949.67631,0.9063657384835254,0
-42.602753,16,1950.529991,0.9033525945072057,0
-34.106454,13,1951.229641,0.9019010369048938,0
-42.462136,16,1952.102873,0.9026351647149073,0
-36.063341,14,1953.016139,0.9030056140422796,0
-41.944905,16,1953.836681,0.9016753844380446,0
-30.599441,12,1954.487153,0.9051360085087958,0
-41.460907,16,1955.30708,0.9051056352648873,0
-41.950325,16,1956.170614,0.9039385664414475,0
-30.578415,12,1956.770428,0.9039679421618467,0
-302.209708,100,1961.67619,0.046863424068137406,0
-33.244538,13,1962.31433,0.9085344065849447,0
-66.621869,31,1964.349451,0.9008775506472677,0
-38.632344,15,1965.212706,0.9033615217958371,0
-42.07217,16,1966.047162,0.9083352397955072,0
-303.387755,100,1971.708438,0.0,0
-38.612749,15,1972.493036,0.9021692559248251,0
-37.686445,15,1973.56248,0.9000828882382772,0
-286.876282,94,1979.652244,0.9024576788843116,0
-42.826757,17,1980.523709,0.9072941130979515,0
-35.353382,14,1981.280284,0.9028586985252806,0
-33.887098,13,1981.988059,0.9000344171531038,0
-38.384473,15,1982.843721,0.9071337905456883,0
-134.557755,49,1985.628753,0.9027523548442594,0
-308.151381,100,1990.850902,0.0,0
-303.79174,100,1995.880482,0.19210941661599606,0
-306.379362,100,2001.874133,0.0,0
-38.271996,15,2002.894822,0.9000163595702424,0
-198.752194,77,2008.104846,0.9007789288931108,0
-37.2996,14,2008.961878,0.9037213606328708,0
-34.093588,14,2009.766871,0.9047212080176318,0
-69.459874,32,2012.156029,0.901051212186269,0
-305.772673,100,2018.385812,0.0,0
-298.72817,100,2024.693479,0.0,0
-39.820544,15,2025.413064,0.9057404544093896,0
-37.74471,15,2026.199909,0.9027494513537445,0
-33.598309,13,2026.813402,0.9048743783294885,0
-38.414782,15,2027.564212,0.9063103770852744,0
-55.837822,25,2029.19384,0.9005972046612072,0
-39.25303,17,2030.132706,0.9001153625119106,0
-300.514341,100,2035.378516,0.059824928035291346,0
-302.731748,100,2040.774531,0.0,0
-33.184644,13,2041.759948,0.90570876313309,0
-303.833329,100,2049.382969,0.0,0
-301.847593,100,2056.262384,0.0,0
-303.850255,100,2063.668786,0.0,0
-41.6176,16,2064.563623,0.9049276918995965,0
-30.753692,12,2065.322494,0.9079746175247659,0
-40.364119,16,2066.177722,0.9051262834728353,0
-34.211957,13,2066.889857,0.9032915425091386,0
-38.813751,15,2067.583233,0.9095072694381447,0
-49.264848,21,2068.674467,0.9004387897207023,0
-278.721027,100,2074.309776,0.42054991930419683,0
-32.572533,13,2074.91721,0.9052628293264458,0
-37.438109,15,2075.69717,0.900516700209612,0
-146.277216,53,2078.113095,0.9027438619778801,0
-44.439216,17,2078.832603,0.9007496387780751,0
-39.556295,16,2079.520381,0.9043757769775169,0
-276.618414,100,2084.645333,0.08671556136681777,0
-41.253581,16,2085.611164,0.9000256465709247,0
-33.949527,13,2086.310156,0.9066944583529414,0
-307.644803,100,2091.148815,0.0,0
-195.325374,75,2094.52392,0.9203279905233185,0
-33.458455,13,2095.054305,0.9009065594857232,0
-300.697111,100,2098.904925,0.013828858375451978,0
-38.578851,15,2099.512243,0.9063111014767327,0
-28.523314,11,2099.921466,0.905690275678787,0
-36.014047,14,2100.459511,0.94489078981786,0
-41.570772,16,2101.083612,0.9017102878294806,0
-30.911198,12,2101.557295,0.9009543990813524,0
-298.495366,100,2105.084868,0.0,0
-304.153149,100,2108.589118,0.0,0
-35.65843,14,2109.090713,0.9076569541399024,0
-41.605193,16,2109.622154,0.903724050343901,0
-38.973643,15,2110.145798,0.9053962903127254,0
-305.86779,100,2113.476777,0.0,0
-300.321141,100,2117.445835,0.0,0
-33.833935,13,2117.977578,0.905370490742386,0
-39.630789,15,2118.55602,0.9007748415162337,0
-300.996331,100,2122.382839,0.0737366703065028,0
-300.97601,100,2126.332566,0.0,0
-304.706053,100,2130.043724,0.0,0
-307.930616,100,2133.830712,0.0,1
-308.002546,100,2137.327079,0.0,0
-276.34049,100,2140.882846,0.0,0
-61.337761,26,2141.857065,0.9009146058729313,0
-37.993725,15,2142.358905,0.900965788555483,0
-45.09105,17,2142.940829,0.9046972971328583,0
-301.554582,100,2146.367403,0.0328372164779821,0
-34.076064,13,2146.837054,0.9013317985785828,0
-31.287314,12,2147.282473,0.9061913035947036,0
-30.878077,12,2147.675499,0.9048309341101339,0
-28.751548,11,2148.063691,0.9043609038993459,0
-140.088869,51,2149.785979,0.9036996998570097,0
-159.772513,58,2151.790168,0.902243502327122,0
-44.664741,17,2152.320358,0.9029738500912363,0
-33.316068,13,2152.756183,0.9043099439191818,0
-299.401886,100,2156.35067,0.0,0
-30.924385,12,2156.812914,0.9053840629789686,0
-306.288457,100,2160.12712,0.0,0
-298.268093,100,2164.130976,0.6637436595247089,2
-301.014443,100,2167.725246,0.0,0
