timestep,x,y,z,roll,pitch,yaw,phase
0.0,2.0,0.0,3.0,0.0,-0.0,0.0,0.0
0.0,1.9910928536844472,0.0,3.004878830893831,-0.0,-0.0019267491216102346,0.0,0.0
1.0,1.9821583658107127,-6.658718274088754e-08,3.0100918158947017,-2.2931889106690973e-06,-0.006061366674833909,-2.0085987246805017e-08,0.0
2.0,1.9731717951562493,1.640360614418448e-07,3.015484845896485,3.4010635224726545e-06,-0.010740925477743734,-1.3304064612051706e-08,0.0
3.0,1.9641890734129779,-2.2238495934300946e-07,3.0210455813854025,-2.455199993219838e-06,-0.01595292234379016,-2.259211195136977e-10,0.0
4.0,1.9551964967957753,9.239832317610047e-07,3.026706293141096,2.1068063320541084e-05,-0.021298911515041048,-1.377536968823365e-07,0.0
5.0,1.9461932920503533,-5.905815083231431e-06,3.032463115291286,-0.00013348535502302573,-0.026500152656286673,1.8560153189558389e-07,0.0
6.0,1.9371713115548028,2.028458189108316e-05,3.0382828919100318,0.00042264146174507617,-0.031324262737173966,-1.4401546003710527e-07,0.0
7.0,1.9281675009685313,-1.9303521421294808e-05,3.044059531778362,-2.8607460729498985e-05,-0.03639093339702262,8.162190586195814e-06,0.0
8.0,1.9191575810284867,7.448588942849941e-06,3.04980788158198,0.0001975834738129211,-0.04134820586853031,8.612116155198204e-06,0.0
9.0,1.910134985077266,-1.788211007334279e-06,3.055597339290245,0.00011468913073627897,-0.045934934362877565,6.9174063617517914e-06,0.0
10.0,1.901105218372842,-7.148421024326718e-06,3.061424797125611,-9.24001754851583e-05,-0.05009789834014348,5.642453605088077e-06,0.0
11.0,1.892087014013048,6.002000145669315e-06,3.067194234934263,9.834351935528071e-05,-0.05410991007269003,6.3417887253672825e-06,0.0
12.0,1.8830678625796253,4.1697580805545904e-06,3.072958049908874,0.00020497893275139045,-0.05794251556123041,5.982772014719306e-06,0.0
13.0,1.8740464697449282,-4.605000599288791e-06,3.07869196435245,5.517745398212238e-05,-0.061416554445903764,4.0626505464799255e-06,0.0
14.0,1.86502694693357,-1.286941762790534e-06,3.084418288584089,1.9334002074521356e-05,-0.06465701836312703,2.4006510944180336e-06,0.0
15.0,1.8560131513040175,5.079628201089385e-06,3.090121490868444,0.00018693976033635516,-0.06776952695454917,4.228644985492746e-06,0.0
16.0,1.8469975471430147,2.3263810820033827e-06,3.095832748244354,0.0002381158519542763,-0.07076697144141401,4.131438598622555e-06,0.0
17.0,1.8379847916850756,-3.546985359456741e-06,3.1015186710501057,0.00011060759604097861,-0.07360851674920978,2.2534539503948844e-06,0.0
18.0,1.8289741280652327,-6.448596986166555e-06,3.107204169915194,-8.760995669122745e-05,-0.07637589852180998,3.7843767147129566e-07,0.0
19.0,1.8199671120074756,-3.2802830275495208e-06,3.1128845746735037,-0.00017491592399089236,-0.079203462108867,-4.2863761060939634e-07,0.0
20.0,1.8109603631379847,3.3193226537657598e-06,3.118556427852961,-6.591978716983748e-05,-0.08197472678071484,-2.0711551207742185e-07,0.0
21.0,1.8019509927269206,4.387947620847265e-06,3.1242322574936545,5.8168920595073205e-05,-0.08469517618657735,-4.922920962927336e-07,0.0
22.0,1.7929449954339762,2.307050117432864e-06,3.1299062136981433,0.00011306158890230612,-0.08747875181304197,-1.247196429172474e-06,0.0
23.0,1.7839366843716438,-1.4182935479723468e-06,3.135579947826717,5.195894035063867e-05,-0.0901868440801422,-3.6477282219115633e-06,0.0
24.0,1.7749302583623938,-2.1912997366285243e-06,3.1412518130617024,-2.2994335891829735e-05,-0.0929076214096076,-5.863436574345798e-06,0.0
25.0,1.766107024569164,2.2409818830111195e-07,3.1461654728738093,-2.247479005969172e-05,-0.09545111050214918,-7.965501451293401e-06,0.0
26.0,1.7572884422601753,9.649387962655793e-07,3.1510361068977173,-8.34696778202614e-06,-0.09776600846016262,-1.0612243985814504e-05,0.0
27.0,1.748475366679137,-3.186682490739383e-07,3.1558812917724675,-4.051504933426994e-05,-0.0999289084334945,-1.4314804241167407e-05,0.0
28.0,1.7396666248509716,-2.7221451884581866e-06,3.16071275307627,-0.00014445422814762392,-0.10201419150588562,-1.898687005552937e-05,0.0
29.0,1.730862157350061,-2.5948463701624673e-06,3.165535590118931,-0.0002340863189862653,-0.10410225019647219,-2.3923289368835806e-05,0.0
30.0,1.7220590266632758,-1.6649338954247223e-07,3.170353846518704,-0.00024240061175740137,-0.10621377438000287,-2.7231195667012534e-05,0.0
31.0,1.7132542621809643,1.0924276772633936e-06,3.1751735579485296,-0.0002075694593885958,-0.1082871676600963,-2.852819978701819e-05,0.0
32.0,1.7044538618832294,1.5975071435187905e-06,3.1799916631965557,-0.0001586090420903276,-0.11047105204121072,-2.9482936468441523e-05,0.0
33.0,1.6956568053284842,1.8207610768932914e-06,3.184808891798949,-0.00011024559367583087,-0.11283491721789655,-2.9655126749988824e-05,0.0
34.0,1.6868510080426085,-2.972553358084569e-06,3.189634128755399,-0.00020395122543265612,-0.11518988737872274,-3.16147398754791e-05,0.0
35.0,1.678049951141879,-1.3699611659319633e-06,3.194458186689677,-0.00023381316324922803,-0.11766322351089475,-3.298635638877905e-05,0.0
36.0,1.6692469947880118,3.48850648925616e-06,3.199281009558169,-0.0001155987410055531,-0.12014723626759423,-3.2771464658224266e-05,0.0
37.0,1.6604437439854194,3.5951437231264264e-06,3.204110290656242,-8.669236819422148e-06,-0.12270245873406997,-3.289510402111151e-05,0.0
38.0,1.6516412220615622,1.664375473860167e-06,3.2089378990373962,3.788368229511214e-05,-0.12535525627809352,-3.379450324777835e-05,0.0
39.0,1.6428352034352929,-1.0800248217715907e-06,3.2137694796025777,-7.635659085401448e-07,-0.12795643406607873,-3.550968866528736e-05,0.0
40.0,1.6340224258980771,6.163858870226853e-07,3.218614969379207,2.172782138154066e-05,-0.13051504800956956,-3.771804507836693e-05,0.0
41.0,1.62522362845277,2.4886647031725723e-06,3.2234406631602486,9.69423035801051e-05,-0.13323942162168056,-3.939008550311758e-05,0.0
42.0,1.616420512962915,1.0649214796265194e-06,3.228268545990788,0.0001239166573294954,-0.13599652057377778,-4.1008588798708484e-05,0.0
43.0,1.6076146301827299,-1.2199595871646639e-06,3.2330971507993773,7.285060534941885e-05,-0.1386784968478171,-4.339988981382539e-05,0.0
44.0,1.5988095981955945,-1.379477379888844e-06,3.2379273289571806,2.279202691937235e-05,-0.14136752924977758,-4.634231559833673e-05,0.0
45.0,1.5900054691982097,-1.460154609397372e-07,3.2427587039144643,1.3290929537312351e-05,-0.14413420403443442,-4.8910195265336856e-05,0.0
46.0,1.5812010007739354,2.0127993381700188e-07,3.247588446586088,8.929532057919785e-06,-0.1469026463624258,-5.1817379086292246e-05,0.0
47.0,1.5723964586167534,2.5382676497006433e-07,3.252417877726577,5.006456247032086e-06,-0.14968188199580215,-5.4904400648262635e-05,0.0
48.0,1.5635909598977196,1.2414270247276853e-07,3.2572490041798057,-3.65187319309991e-06,-0.15245310819496422,-5.814467670409582e-05,0.0
49.0,1.5547857227918875,1.3003352101467182e-07,3.2620799272423033,-1.3476858158421417e-05,-0.15522643297067723,-6.144013144538112e-05,0.0
50.0,1.54562458772424,1.9519611773809025e-06,3.265125489924233,4.947316614423755e-05,-0.1577756453160907,-6.184113267079219e-05,0.0
51.0,1.5364694590307961,6.688227701760036e-07,3.268085368117678,5.879226247526543e-05,-0.15989988463485336,-6.280082558244176e-05,0.0
52.0,1.5273269382698438,-1.8960860075585065e-06,3.270996200341043,-2.2315888134592612e-05,-0.1616437267162479,-6.560896602022007e-05,0.0
53.0,1.518197776518714,-7.941785379082736e-07,3.2738834677006303,-5.1224841765471504e-05,-0.1633464453300418,-6.640534735473405e-05,0.0
54.0,1.5090767453242335,-1.519549724237538e-06,3.2767473285518975,-0.0001100779933273381,-0.16502475708518818,-6.73269775644437e-05,0.0
55.0,1.4999600779906876,-2.366380872261208e-06,3.2796053330040187,-0.00019493654236440395,-0.1667658268130207,-6.912126241796564e-05,0.0
56.0,1.4908444862963843,-3.0708127584095538e-06,3.2824638870387632,-0.00029751260060546255,-0.16860043267461708,-7.087264738205327e-05,0.0
57.0,1.481729124227405,-2.666835133169875e-06,3.28532624813232,-0.0003845340466747504,-0.1705590526933022,-7.213605429611128e-05,0.0
58.0,1.472613963635691,-1.606932516967241e-06,3.2881912413196916,-0.00043681200528721605,-0.17265842571184858,-7.277779699141127e-05,0.0
59.0,1.4634984912569842,-3.7492383865206944e-07,3.2910571182928092,-0.00045008006963483674,-0.17489029754772076,-7.261097759016663e-05,0.0
60.0,1.4543824030083148,4.5074639530307197e-07,3.293926009966576,-0.0004376644781760966,-0.1772545301341536,-7.181220407487223e-05,0.0
61.0,1.4452651956962395,6.053430054415499e-07,3.2967981696642754,-0.0004200397670996468,-0.17973768522243422,-7.078323986554263e-05,0.0
62.0,1.436147004580922,4.1799835560176214e-07,3.299672913423978,-0.00040762509565067765,-0.18232767139463496,-6.996350417780325e-05,0.0
63.0,1.427027102350184,5.463274414206125e-08,3.3025519065453786,-0.0004055779635368703,-0.18500280732519853,-6.929076197718051e-05,0.0
64.0,1.417907968359091,-1.5882889408637037e-07,3.305430055082312,-0.0004095169672233037,-0.18777856530491,-6.859720624040326e-05,0.0
65.0,1.408788334842147,-2.6735222011707724e-07,3.3083099144107897,-0.0004165698200257589,-0.1906441240906288,-6.785888375480069e-05,0.0
66.0,1.3996676282470528,-4.654249715318039e-07,3.311192628319772,-0.0004289672244518356,-0.19358633095390482,-6.707593692981694e-05,0.0
67.0,1.3905453678909312,-5.519571267917146e-07,3.31407920257791,-0.0004433748602516713,-0.19658265539633446,-6.641698489896323e-05,0.0
68.0,1.3814229282379074,-5.332057293443976e-07,3.316965234099711,-0.00045623395596831,-0.1996334313508058,-6.596227680968545e-05,0.0
69.0,1.3723026563377136,-3.4241830563310547e-07,3.319848993993886,-0.000461763428527789,-0.2027729299837416,-6.56238168780686e-05,0.0
70.0,1.3631807230981532,2.9332626498242263e-07,3.322735275597524,-0.0004475906495127822,-0.2059646685085683,-6.514898616717844e-05,0.0
71.0,1.3540574096013955,-9.085233198809716e-07,3.3256243228074447,-0.0004812646900494008,-0.20920245151595268,-6.731958305593869e-05,0.0
72.0,1.3449351159569067,1.938290206151917e-06,3.3285128834049487,-0.0004109862483550234,-0.21250061071470344,-6.669603321023079e-05,0.0
73.0,1.3358127841733303,2.697784894231842e-06,3.3314006226351354,-0.0003247264030724554,-0.21585320634187927,-6.667440318552364e-05,0.0
74.0,1.3266894894384287,2.544139124179031e-06,3.3342911822699084,-0.00024363164637065455,-0.21925292764100163,-6.752707674785069e-05,0.0
75.0,1.3173512554324986,3.049395167133391e-06,3.33578962203099,-0.00014626007497328062,-0.22253798068710318,-6.874443610569883e-05,0.0
76.0,1.3080199981223122,3.355398620051353e-06,3.3372283489219545,-4.122135040845711e-05,-0.22555562584156885,-7.042091153489149e-05,0.0
77.0,1.2986989807159464,2.883970483614636e-06,3.338637393851982,4.650713476279692e-05,-0.2283743561897499,-7.306911952216373e-05,0.0
78.0,1.2893848623950805,1.8413422200507374e-06,3.34003050339474,0.00010056904849599812,-0.2310561988704393,-7.69654112994822e-05,0.0
79.0,1.2800731562237782,7.979048176791427e-07,3.3414157222439753,0.0001232793979424389,-0.23360450686033404,-8.17847463645426e-05,0.0
80.0,1.2707686949049848,2.1831863150505623e-07,3.342790534852535,0.00013099744446709553,-0.2361371450343527,-8.70067350517451e-05,0.0
81.0,1.2614658073322857,3.9748516402969774e-07,3.34416466535381,0.0001478264364582754,-0.2386785804337866,-9.359380756577213e-05,0.0
82.0,1.2521612534031294,1.499343120128559e-06,3.3455428725171825,0.00019970496759034163,-0.24121745675212183,-9.862445196486257e-05,0.0
83.0,1.2428578949008835,2.7590932270714494e-06,3.3469193760712987,0.000287925191819762,-0.24377341942901143,-0.00010211052946323375,0.0
84.0,1.233553748177351,3.344683906241239e-06,3.348299781776931,0.00038947957694257165,-0.24635306022472045,-0.00010507000736944661,0.0
85.0,1.224251532964372,2.947050847394165e-06,3.3496758397990796,0.000474692882179219,-0.24897138352742113,-0.0001082196120366071,0.0
86.0,1.214948251656511,1.892090745927915e-06,3.3510546076374834,0.0005264251724252472,-0.25161678865461107,-0.00011203440505503135,0.0
87.0,1.2056424350944202,-5.148087097926311e-07,3.3524383402992677,0.0004954003622690096,-0.2542696370272594,-0.00011816625894515391,0.0
88.0,1.1963359931891566,-1.7340155661143628e-06,3.3538222135356532,0.0004279271317378302,-0.2568918012516844,-0.00012534282997012214,0.0
89.0,1.187029036637756,5.213016987132365e-07,3.35520673225565,0.0004414450870254899,-0.25948356121491906,-0.0001297638998871168,0.0
90.0,1.1777233651469659,2.349653956740997e-06,3.356590577836063,0.0004961336477360697,-0.2620384675523563,-0.00013384194696977624,0.0
91.0,1.1684101646570468,9.066102736690048e-07,3.357980411634601,0.0004857916818895593,-0.26444548567816156,-0.00014045787190480037,0.0
92.0,1.1590990892863013,-3.7678369493969737e-07,3.359371989945809,0.0004397022756481577,-0.2667739333961948,-0.00014755064063083753,0.0
93.0,1.1497928823214802,2.7045738923233392e-06,3.360754054239491,0.000519313625321199,-0.2690784470858178,-0.00014950229103989686,0.0
94.0,1.1404826965730426,2.886059845277367e-06,3.362141689065565,0.0006044475448273423,-0.2712640241369175,-0.00014976623091604506,0.0
95.0,1.1311717600517277,1.4924662246599344e-06,3.363531387294952,0.0006543960068446875,-0.27335805631988264,-0.0001490517021855671,0.0
96.0,1.121860415994795,-1.4236529737910962e-06,3.3649222727952495,0.0006319731322016331,-0.2753614931069559,-0.00014707060369548036,0.0
97.0,1.112550569018366,-1.3164380543256287e-06,3.366310338993944,0.0006139789878078836,-0.27728875648586976,-0.00014435431507922038,0.0
98.0,1.1032414402736863,-1.453528589605623e-06,3.367696983595174,0.0005913022929686751,-0.2791426215449917,-0.00014065606466051817,0.0
99.0,1.0939320284440608,-2.437014994368814e-06,3.3690829883117637,0.0005431525642372608,-0.28090823414993055,-0.00013615315458373196,0.0
100.0,1.0845437753463187,-2.158918992093057e-06,3.3701208987291267,0.000503191713261566,-0.2825688717821559,-0.00013155922405015783,0.0
101.0,1.075160124679897,-2.2150021543595883e-06,3.3711367460413473,0.00046057565393126793,-0.28407254576678975,-0.0001259967397472537,0.0
102.0,1.0657772961330736,-2.516893705375996e-06,3.3721505551987576,0.00040993899875081674,-0.28543665687582626,-0.00012046202890643568,0.0
103.0,1.0563991924241518,-2.3651439430747162e-06,3.3731542700510544,0.0003628281449375701,-0.2866986332737392,-0.00011521803986210843,0.0
104.0,1.047023423083709,-2.4035464244522773e-06,3.3741551618940115,0.00031404790572243994,-0.28789946345400086,-0.00011021352118272568,0.0
105.0,1.0376491994849657,-2.838048248400766e-06,3.375153843941108,0.0002540515056988339,-0.289059063279,-0.00010543497072999322,0.0
106.0,1.028273850284458,-3.2993473634151206e-06,3.3761554968403678,0.00018258326100099612,-0.2901745301767687,-0.00010019717487976631,0.0
107.0,1.0188991019991647,-3.920719159083082e-06,3.377156877155013,9.56504368798721e-05,-0.29126052133526914,-9.447803148899144e-05,0.0
108.0,1.0095238575053773,-3.9809003195780986e-06,3.3781593302493778,7.714560176126852e-06,-0.29231517524716744,-8.837386906655099e-05,0.0
109.0,1.0001479435126375,-3.9707162636373035e-06,3.379164149781865,-7.985704618100163e-05,-0.2933435727762807,-8.218857360541271e-05,0.0
110.0,0.9907719079348153,-4.098688862622621e-06,3.380168942942451,-0.00017086769817931403,-0.2943354694942238,-7.597946427295715e-05,0.0
111.0,0.9813945252794409,-3.851618999215669e-06,3.381176035481363,-0.00025551317270197335,-0.2952811043900059,-6.928653885418862e-05,0.0
112.0,0.9720175415911649,-3.444392900829761e-06,3.3821829845087104,-0.00033011718490958596,-0.296193338282846,-6.319655340249905e-05,0.0
113.0,0.9626407012668404,-2.617844127195381e-06,3.3831900770468026,-0.00038420512985751936,-0.2970736938943726,-5.8363621899267737e-05,0.0
114.0,0.9532634912879189,-1.9372530004736268e-06,3.3841974067850518,-0.0004220589113723681,-0.2979111720156953,-5.4164296136088726e-05,0.0
115.0,0.9438853155403624,-3.09548526341871e-06,3.3852063733716578,-0.0004895913372867322,-0.29869822989183975,-4.982092111670727e-05,0.0
116.0,0.9345067741721246,-2.7326072093703928e-06,3.3862169793301375,-0.000546656003910061,-0.29943998669324484,-4.649332540772487e-05,0.0
117.0,0.9251297827436924,-2.461886156950304e-06,3.387223418097824,-0.0005972785724036837,-0.30013835196563143,-4.386950328869567e-05,0.0
118.0,0.9157528779413746,1.3353705710747584e-07,3.388231668951384,-0.0005838991295964811,-0.30080526533626956,-4.193850493195767e-05,0.0
119.0,0.9063730921206437,-4.072312235283618e-06,3.3892423584131395,-0.0006779364876741897,-0.3013958297407253,-3.84155252956865e-05,0.0
120.0,0.8969958764779608,-2.957126137516871e-06,3.390249767428154,-0.0007400164836664451,-0.30195689873445297,-3.609897154053223e-05,0.0
121.0,0.8876189792169871,-2.4703605464641956e-06,3.3912577185984643,-0.0007907151031750332,-0.3024974372675952,-3.47637495289643e-05,0.0
122.0,0.8782425569303921,-2.2950104266525063e-06,3.3922646431256047,-0.0008373945518819364,-0.3030165657190021,-3.3829085006679556e-05,0.0
123.0,0.8688655991422229,-2.255130920884328e-06,3.3932721641221404,-0.0008831391521466987,-0.3035084705566511,-3.331848078884596e-05,0.0
124.0,0.8594883865817587,-2.0041017966560225e-06,3.394280212114838,-0.0009226879417199169,-0.3039709138555799,-3.2983027195141036e-05,0.0
125.0,0.8500910600302453,-1.7871966752101899e-06,3.3950837849344393,-0.0009572986615293522,-0.3044091348328165,-3.288057481615616e-05,0.0
126.0,0.8406963114521727,-2.498832470916526e-06,3.395876078780097,-0.0010287992146929903,-0.3047966921313,-3.269239113345581e-05,0.0
127.0,0.8313044090602956,-2.1776078515332012e-06,3.396660306593285,-0.0010862974285230048,-0.30513351181487064,-3.277919431544825e-05,0.0
128.0,0.8219138937170295,-3.174151543248085e-06,3.397443689602633,-0.0011588588055534569,-0.3054787201542939,-2.9882381194047633e-05,0.0
129.0,0.8125248894924505,-3.099972932219168e-07,3.398225130758157,-0.0011571880945049557,-0.30584411160696345,-2.7056783447930384e-05,0.0
130.0,0.8031361196421273,2.6224713644349e-07,3.3990044327521716,-0.0011411870158491166,-0.3062073230772554,-2.370792078449822e-05,0.0
131.0,0.7937469304132336,1.3836799908943478e-06,3.3997851208629566,-0.0010940369196898627,-0.3065734230801485,-2.0091313904453552e-05,0.0
132.0,0.7843570419394541,1.8169905576283139e-06,3.4005674541677178,-0.0010319073194620953,-0.30694045477135634,-1.6017176627250697e-05,0.0
133.0,0.7749674960175983,2.884203576730398e-06,3.401348973348038,-0.0009402367141093231,-0.3073110224228893,-1.145396800263292e-05,0.0
134.0,0.7655782527558377,3.465122819923814e-06,3.4021304291433814,-0.0008412323095316329,-0.30768717470334883,-6.8694052466888584e-06,0.0
135.0,0.7561872577087354,5.163104162015583e-06,3.402916091247693,-0.0006816520424382655,-0.30808235626844105,-6.004131035815722e-07,0.0
136.0,0.7467971854114867,1.1027537442880093e-05,3.4036968466716533,-0.0002958091347132434,-0.3084117811108093,8.519484247232749e-06,0.0
137.0,0.7374065112445916,9.15826932461604e-06,3.4044811109321214,1.2283514972998324e-05,-0.3087334883730046,1.68035995717123e-05,0.0
138.0,0.7280162988923138,8.356502798036834e-06,3.4052638001822033,0.00030167048389006043,-0.309044833016398,2.516795138098517e-05,0.0
139.0,0.7186264327160166,8.162801525502004e-06,3.406047135428209,0.0005826980205289714,-0.30936614346003183,3.4930175643273064e-05,0.0
140.0,0.7092363869174095,7.98488462324272e-06,3.4068316664033764,0.0008517954213089449,-0.3097024665811111,4.4529641382054455e-05,0.0
141.0,0.699847732380685,7.613880667489399e-06,3.4076134055229583,0.0011008391240917997,-0.31007047593406556,5.429430551982047e-05,0.0
142.0,0.6904584726100204,6.802152742796628e-06,3.4083969005460983,0.0013199926792097371,-0.3104684251160166,6.292510256735692e-05,0.0
143.0,0.6810689975339718,5.802938843983552e-06,3.4091803821394207,0.0015065142764204827,-0.31088992171266444,7.160968652161688e-05,0.0
144.0,0.6716808663068612,4.866204473697013e-06,3.409960632375738,0.0016641571651177284,-0.3113407911459683,7.967131849274202e-05,0.0
145.0,0.6622929897976394,4.231895926850872e-06,3.4107410548664814,0.0018038393803875416,-0.3118292841854851,8.636299239882239e-05,0.0
146.0,0.652904331711488,3.7031101688327526e-06,3.4115227848755674,0.001929893789743197,-0.31234830927524687,9.0955807862391e-05,0.0
147.0,0.6435162845213597,2.927824187522742e-06,3.4123066796285295,0.002039079288163775,-0.3129338350652091,9.47824069289942e-05,0.0
148.0,0.6341289543593465,1.993647972072777e-06,3.4130876584959493,0.002133894322154105,-0.31356257737736826,9.932108735035603e-05,0.0
149.0,0.6247374646660616,2.737008135993985e-06,3.413871805282466,0.0022525659801576584,-0.3141542358163962,0.00010576044362462379,0.0
150.0,0.6149876494147605,3.651337597964446e-06,3.414104863252096,0.002397709065811847,-0.3148963162603235,0.00011004987775330265,0.0
151.0,0.6052400910961185,3.9150537992140315e-06,3.414314356708485,0.0025574996357117866,-0.31567607534852055,0.00011523299859945176,0.0
152.0,0.5954960556732023,3.205178415833127e-06,3.41451271094694,0.0026914140042527948,-0.3164830479312341,0.00012289757741411092,0.0
153.0,0.5857557504848245,1.5526905657998373e-06,3.414700695302179,0.002772042980760334,-0.3173117634493609,0.00012984409124381372,0.0
154.0,0.5760151469399671,-1.6080543909775776e-07,3.4148898620900656,0.002806270831433567,-0.31816179986693005,0.00013702969427423027,0.0
155.0,0.5662747466186785,-1.0945867153324677e-06,3.415078453520211,0.0028202944302795716,-0.31903340023302823,0.00014472706547092982,0.0
156.0,0.5565348411057959,-1.2472424915987504e-06,3.415267075813586,0.0028355724552781994,-0.3199399764193717,0.00015160982487031987,0.0
157.0,0.5467945544441819,-1.1655607843448122e-06,3.415457588282647,0.0028577100461272672,-0.3208881261107644,0.00015835517186123265,0.0
158.0,0.5370539567543329,-1.0376079401577809e-06,3.4156494446722077,0.002887510631663033,-0.3218805911317604,0.00016568059145313134,0.0
159.0,0.527313450288041,-8.55620031930224e-07,3.4158414926430063,0.002926293952543903,-0.32292029933415234,0.00017381722775232274,0.0
160.0,0.517573581365012,-6.288555084273222e-07,3.416032542368909,0.0029744276991105142,-0.32401374215524675,0.00018304643979764697,0.0
161.0,0.5078324052528131,-3.676805785096668e-07,3.4162267664501327,0.003033133628340145,-0.3251561919585674,0.0001938033160227569,0.0
162.0,0.49809088258700085,-2.7963754545397106e-08,3.4164221015651517,0.003102896670957539,-0.3263486287833925,0.00020602720378148966,0.0
163.0,0.4883496807617464,2.0136911466311245e-07,3.4166170828145437,0.0031788546399762873,-0.3275944066022854,0.00021793829955939846,0.0
164.0,0.47860795696250835,1.3043442187715183e-07,3.4168131184601847,0.003255230989551632,-0.3288890114272926,0.000230320291303521,0.0
165.0,0.4688666526819087,2.421193311685943e-07,3.4170084501940527,0.0033351750602316744,-0.3302363345986698,0.0002434413400377718,0.0
166.0,0.45912603119912276,3.285251913301784e-07,3.4172027051879765,0.0034155982259288908,-0.3316422972337427,0.00025647712293356374,0.0
167.0,0.4493860369737294,2.485444466093609e-07,3.417395865521991,0.003489570995186791,-0.3331112874100344,0.0002694542676480715,0.0
168.0,0.4396450607990256,-1.9188525503321428e-07,3.417591482053485,0.003548149226869862,-0.33463945346781687,0.0002821809863693965,0.0
169.0,0.42990279623639244,-6.937185342831417e-07,3.417789575777415,0.003595207804675673,-0.33621757497551863,0.0002952083069306634,0.0
170.0,0.42016068768781645,-1.2380137398353973e-06,3.4179868569462175,0.0036278338331609864,-0.33783834595714846,0.0003089426524629735,0.0
171.0,0.410418305882815,-1.735901837648625e-06,3.4181841970234554,0.003649527771978742,-0.3394938669230024,0.0003235571961837776,0.0
172.0,0.4006760557005752,-2.201552376897625e-06,3.418380628457865,0.0036603071589655293,-0.34117491619663015,0.0003389749825238578,0.0
173.0,0.3909339075034763,-2.3839423804921487e-06,3.418576963096342,0.003668056562317911,-0.34288209311572404,0.00035518547393396466,0.0
174.0,0.38119186948633926,-2.2858487514754584e-06,3.418773222072409,0.003679696021501283,-0.34461709580823746,0.0003717841396792892,0.0
175.0,0.3712527032115536,-5.880561066961363e-07,3.418356340605777,0.003746908896604461,-0.3464313538329822,0.00038982060180954494,0.0
176.0,0.36131775226018553,4.252009619320659e-07,3.4179137174448844,0.0038392599500276497,-0.3482082994788118,0.00040851456647858806,0.0
177.0,0.3513876437148594,6.202445503915258e-07,3.4174583394952904,0.003932227850731952,-0.3499457760320505,0.0004269261862822156,0.0
178.0,0.3414618901438548,1.3000140629009268e-07,3.416994812817648,0.0040069646882600314,-0.35166994871654206,0.00044577391547102614,0.0
179.0,0.33153843795193694,-2.9977941262821245e-07,3.416528417872934,0.004064260617423516,-0.35340904776160736,0.0004635468062742011,0.0
180.0,0.3216164890526818,-1.220594894971446e-06,3.416060223888996,0.004093943999886063,-0.3551756484860834,0.0004810955716202253,0.0
181.0,0.3116947635184213,-1.8740171011411761e-06,3.4155919850750114,0.004107166844067982,-0.3569712488998903,0.0004988439205225271,0.0
182.0,0.30177401171406976,-2.2741803058666695e-06,3.4151224643502163,0.004109767607495345,-0.35880515155949916,0.0005164370048520185,0.0
183.0,0.2918510004552972,-2.496894549495771e-06,3.4146573400663924,0.004108622511591496,-0.36066334847009596,0.0005341398776230886,0.0
184.0,0.28192992490213803,-2.742043335226799e-06,3.41418852795253,0.004101490203118331,-0.36255607989202276,0.0005517170299334423,0.0
185.0,0.2720077775576735,-2.909808457426871e-06,3.41372219989234,0.004092299056752652,-0.3644809553087162,0.000569342335675401,0.0
186.0,0.26208505701132223,-2.905761255132905e-06,3.413256844895492,0.004086151272305646,-0.36643439922785953,0.0005872504807412372,0.0
187.0,0.2521614586072946,-2.7239632832236167e-06,3.412793244292083,0.004088130883122989,-0.36840952452773235,0.000605369959312108,0.0
188.0,0.2422374870333213,-2.54353081153768e-06,3.4123299115638175,0.004096792589988488,-0.3703991241454134,0.0006234963278056716,0.0
189.0,0.23231407104179766,-2.4504092355321527e-06,3.411865171764933,0.004108745945306229,-0.37240119280893685,0.0006413988248871877,0.0
190.0,0.22238980083509033,-2.2749110003846615e-06,3.4114021971035164,0.004127200425868278,-0.3744106255955539,0.0006592140748899932,0.0
191.0,0.2124651609026751,-1.9095748863273592e-06,3.410939341518744,0.00415443444046199,-0.3764209001056297,0.0006765662354938815,0.0
192.0,0.20254093921946592,-1.6622575134302723e-06,3.410476034500223,0.004184648819893101,-0.3784367002109161,0.0006930710633502609,0.0
193.0,0.19261670262861708,-1.6741588548213185e-06,3.4100127325257428,0.004208405039292913,-0.38045504961924104,0.0007083898161256575,0.0
194.0,0.18269226981672573,-2.10652833830837e-06,3.4095495508868705,0.00421423607761283,-0.3824686958619148,0.0007224667621134442,0.0
195.0,0.17276758915745857,-2.6737833820382814e-06,3.409086361086273,0.0041982647418815095,-0.38447084676601667,0.0007352940409972379,0.0
196.0,0.16284275395002304,-3.956755130871399e-06,3.4086227405715266,0.00415149931775287,-0.3864408281664468,0.0007479831903238477,0.0
197.0,0.15291642757864704,-3.924865919683e-06,3.4081604727649237,0.004113070544628429,-0.38835943552374375,0.0007609090028412706,0.0
198.0,0.142989718822554,-3.2926210008038486e-06,3.4076985614773863,0.0040964760375383,-0.39022226916371267,0.0007738200482162067,0.0
199.0,0.13306193023733717,-2.1605409485747417e-06,3.4072377410041432,0.004114552315682144,-0.39202546873962235,0.0007866978192164887,0.0
200.0,0.1326344329560184,1.7511605239440721e-06,3.4074174642776027,0.00426641674819819,-0.389631943617035,0.0008145974775405134,0.0
201.0,0.1323680738707372,-3.846513035668765e-06,3.4075253967562205,0.004210403429243446,-0.38553308689910504,0.0008411061432293841,0.0
202.0,0.13219251306787894,-1.435923510875066e-07,3.4075294267569967,0.004265367450655741,-0.3808624491250217,0.0008641947443838536,0.0
203.0,0.13211319557495874,2.862709971989329e-05,3.407425638229044,0.005030126458497311,-0.376792833888045,0.0008861779098331671,0.0
204.0,0.13211318056821042,1.666735743807009e-05,3.4071507475289122,0.0054550384998820894,-0.37356726566742693,0.0009052934524982577,0.0
205.0,0.13210749380384754,-1.0669195260030547e-05,3.4068480253357034,0.004974770081645242,-0.3706168884691344,0.0008925854154355548,0.0
206.0,0.1319999440165303,-2.5809062983472634e-05,3.406637365808434,0.004007176688059565,-0.36555530367927264,0.0009050370776355216,0.0
207.0,0.13194498926485,-2.4467248186259075e-05,3.406400385781422,0.003129278540528889,-0.3608479055865088,0.0009386440664015318,0.0
208.0,0.13188052494755614,-1.1524111407056384e-05,3.406193379821553,0.0026826572409415464,-0.35646267456525926,0.0009718663908667726,0.0
209.0,0.13181938800445453,4.955334051029735e-06,3.4059985424447246,0.0025972447403114184,-0.3526268818454795,0.0010043981792803272,0.0
210.0,0.1317289591932436,5.595729323606188e-06,3.4058823148366306,0.002481433925427067,-0.349015760370002,0.0010442660128842174,0.0
211.0,0.1316179371157404,-2.034871427448239e-05,3.405779824015002,0.0017585733563750211,-0.3452856916877748,0.0010813470932826148,0.0
212.0,0.13150781799183678,5.780731400370333e-07,3.4056840458179884,0.0016118142477456097,-0.3416033109299531,0.0011273859879971932,0.0
213.0,0.13139887895103983,1.967614785649458e-05,3.405531016141086,0.0018484077057680389,-0.337621159402586,0.0011904591466539167,0.0
214.0,0.13129611957115084,1.3960428268325414e-05,3.405414532307406,0.0019491019923567013,-0.3338878523058421,0.0012458751370708792,0.0
215.0,0.13120122155268973,8.66299536857365e-07,3.4053073708966553,0.0017316087264745688,-0.330492137130863,0.001293918526418198,0.0
216.0,0.13109515640477223,-1.7278846906343018e-06,3.4051838925616154,0.0014720844116427598,-0.32706317903758647,0.001338828215687853,0.0
217.0,0.1309880395511645,-5.950842837153517e-07,3.4050800720953593,0.0012712126994686111,-0.3237258419443869,0.0013790082174698376,0.0
218.0,0.13088867980500815,4.225660575489183e-06,3.40495144643112,0.0012072819572872043,-0.32048220991528564,0.0014171990613764647,0.0
219.0,0.13078740235386532,4.162102040769847e-06,3.4048120552057544,0.0011308678288627593,-0.31716189258730465,0.0014546573014423499,0.0
220.0,0.13068193780614004,1.1802811783483659e-06,3.4046821158976295,0.0009783197070350467,-0.31375928233558925,0.001489045047858351,0.0
221.0,0.13057910541697704,-9.82713755601113e-07,3.404538200268448,0.0007773429338905931,-0.31024032935055795,0.0015201339521212218,0.0
222.0,0.1304743394376553,-4.2908981848527835e-06,3.4043886857318157,0.0004863284830823397,-0.3065393207352445,0.0015485553282242337,0.0
223.0,0.13037186793480393,-6.130342880131726e-06,3.4042359907650073,0.00015834927650427137,-0.3026540500676727,0.0015735597374375108,0.0
224.0,0.13026740968712078,-1.0688020877082101e-05,3.4040749108896993,-0.000270050083838403,-0.29849987801490413,0.0015931445942147142,0.0
225.0,0.13013309154922256,-1.4613229742099026e-05,3.4039202956343053,-0.0007827318627436167,-0.2941622121112868,0.0016082646559471264,0.0
226.0,0.12999934522450432,-1.6099563298052903e-05,3.403759778788486,-0.001309596573218989,-0.2896356234771873,0.0016186161643059564,0.0
227.0,0.1298660747527085,-1.3540123893415154e-05,3.4035962207844985,-0.0017425371564890085,-0.2849284194551745,0.0016253859972843886,0.0
228.0,0.12973257227046706,-7.710533711082623e-06,3.4034503888386984,-0.0020117492135397546,-0.2801683939471992,0.0016317815665541362,0.0
229.0,0.1296015940135065,5.071953051135199e-07,3.4032889884990962,-0.0020556346084278513,-0.27531449407654884,0.001638470519640125,0.0
230.0,0.12947052061903447,7.582964268791976e-06,3.40314772202766,-0.0019581694493791876,-0.27053921108096357,0.0016505182709087155,0.0
231.0,0.12933916647655086,6.455210980530865e-06,3.403008070517299,-0.001926148217808196,-0.26580519839306116,0.0016654191869072217,0.0
232.0,0.12920199913752892,-4.3527427966875063e-07,3.4028568788309044,-0.0020565682623047074,-0.26084196670762666,0.0016777318457436438,0.0
233.0,0.1290618702516485,-9.921489781692514e-07,3.4027088778829486,-0.0021682326269915507,-0.25562590193304774,0.001687240157032944,0.0
234.0,0.12891831706148338,7.762703015248127e-06,3.4025983858277478,-0.002017317893458084,-0.2503607318300467,0.001694635391712667,0.0
235.0,0.12877654387047652,1.0932139150918772e-05,3.4024902046147374,-0.001774375155455775,-0.2450850427033351,0.0017012050298461717,0.0
236.0,0.12863075022716447,9.835947942666572e-06,3.40239886694606,-0.0015447065167701478,-0.23978101076075803,0.0017065516130404773,0.0
237.0,0.12848652646797384,2.509968966035787e-05,3.402316358499518,-0.0007464479859366194,-0.23457807296012131,0.0016962721740773677,0.0
238.0,0.1283424223397791,1.0528503266751889e-05,3.4022362864595426,-0.000430675154455944,-0.2294737196919702,0.001690876204104699,0.0
239.0,0.12819704278767416,6.673070777348133e-06,3.4021727950483527,-0.00021936435579665803,-0.22449460787592257,0.0016886825188135997,0.0
240.0,0.1280521845961499,8.883726420177892e-06,3.4021275906297057,4.0876283321264256e-05,-0.2196890587400072,0.0016887608619582826,0.0
241.0,0.12791301056523713,6.71279856055753e-06,3.4020934432921495,0.00022310817643072023,-0.2153026762085714,0.0016905938484932275,0.0
242.0,0.1277757334824254,4.194599133541398e-06,3.402067022441313,0.0003326326097530281,-0.21139701250889112,0.0016919389710232159,0.0
243.0,0.12763894141134005,-4.485539922979967e-07,3.40200511297332,0.0003022224775889767,-0.20772682983657292,0.0016914152095418836,0.0
244.0,0.1275024024564772,-1.0235531165448103e-05,3.4019203750709663,-6.201255873871701e-05,-0.20416323732398223,0.0016964176598673207,0.0
245.0,0.12737272477811387,-1.2055711413158906e-05,3.4018303836096457,-0.00045426421678108366,-0.20102666148249232,0.001699143058973028,0.0
246.0,0.12722990174542295,-1.4721754106734933e-05,3.4017229866585983,-0.000957473286076559,-0.19757835350245312,0.0017032641542328289,0.0
247.0,0.1270943842249141,8.948762165273614e-07,3.4021468387630756,-0.0011059993835808826,-0.19653856225814134,0.0017330836793885052,0.0
248.0,0.12699331832142235,-5.836439299872018e-06,3.401736927175078,-0.001437807504895223,-0.19512727843904454,0.0017591697359391047,0.0
249.0,0.12684090986394006,-1.3749151901481609e-05,3.401463988137092,-0.0019962029873696165,-0.19257866922451855,0.0017818310552778157,0.0
250.0,0.12669445438295654,-1.53742894028776e-05,3.4012634920238587,-0.002579435405059343,-0.18948166086901683,0.0018044973319492048,0.0
251.0,0.12654777352619914,-1.56563830523269e-05,3.4011231967139595,-0.0031601038892799488,-0.1860376051642192,0.001823120696380658,0.0
252.0,0.12640271739341583,-1.560614253787796e-05,3.4009686835856194,-0.00371417389630752,-0.18225008306485257,0.0018357533085847399,0.0
253.0,0.126259273872589,-1.3697980988316086e-05,3.4007724381210753,-0.004179052277712034,-0.1779771440479701,0.00184357980090452,0.0
254.0,0.12611115011830515,-1.0674358494959346e-05,3.400583583692347,-0.004526028441859035,-0.1731103836809952,0.0018464004089372823,0.0
255.0,0.1259603318667034,-6.314322382750066e-06,3.4004035483094173,-0.004720978996188324,-0.16762005510212413,0.0018452561752267387,0.0
256.0,0.12580577859867964,-6.641082286893073e-07,3.4002560930024988,-0.004742175806614556,-0.16151916505459493,0.00184396989421526,0.0
257.0,0.12564679122734343,4.365535262071128e-06,3.400099353349427,-0.0046194317334278595,-0.1546948672414445,0.0018441679385294452,0.0
258.0,0.12548405973657942,4.686072914102544e-06,3.3999226494761388,-0.004480627885262491,-0.1470296356703285,0.001844165815938402,0.0
259.0,0.1253163255837251,1.2290892368745823e-05,3.399771249185111,-0.0041100960879199835,-0.1384464977252684,0.0018399714544811705,0.0
260.0,0.1251471598853643,6.558178556097388e-06,3.399674808591839,-0.0038920068826873285,-0.1292229731194063,0.0018289084002934065,0.0
261.0,0.12499136188486612,6.6744556377629185e-06,3.3996020931440762,-0.003668479523842188,-0.11983941660263683,0.0018142309652171664,0.0
262.0,0.12484986525924124,1.710919962637332e-06,3.399553486060518,-0.0035887724621421853,-0.11079095915039745,0.0017757586961920048,0.0
263.0,0.12471237134477385,1.2367971945404559e-06,3.3994069430787657,-0.003502790300511764,-0.10205219117754998,0.0017531946180848177,0.0
264.0,0.1245969461085785,1.740637632562078e-06,3.3993487152403468,-0.003409135572441614,-0.09431755580472431,0.0017343370520449134,0.0
265.0,0.12448245789570861,-2.0134440404125734e-06,3.3992652416421816,-0.003421193401726017,-0.08751346433364714,0.0017155337676782187,0.0
266.0,0.12436591753713741,-4.124852611800152e-06,3.399162481852993,-0.0034814682707051806,-0.08155153902639709,0.0016958184790050789,0.0
267.0,0.12424468885160547,-4.120858270838717e-06,3.399024744279035,-0.0035297298416854107,-0.07623041751371118,0.0016756432127420428,0.0
268.0,0.1241332842835128,-1.3918324081726943e-06,3.398950661344936,-0.0035034984017968916,-0.07182439233918946,0.0016553218382165706,0.0
269.0,0.12400739505589885,-1.5480600043958463e-06,3.3987736616932183,-0.0034746750945458017,-0.06780805923074083,0.0016372262051836802,0.0
270.0,0.1238785385681526,-3.1240940668505856e-06,3.3986152210988654,-0.003483781183487085,-0.06406756531947046,0.0016215423842079787,0.0
271.0,0.12374929442222489,5.3919621594127e-07,3.3984564244568882,-0.0033828215699999065,-0.06057270891842595,0.0016062334640045783,0.0
272.0,0.12362050283531473,6.235491176995087e-06,3.398275416753118,-0.0031624422201608636,-0.057307926251728286,0.0015971703326900554,0.0
273.0,0.12348523141857456,1.6173377819376102e-05,3.3980683773625118,-0.0026942404658827092,-0.054076627578681806,0.0015887479067335265,0.0
274.0,0.12335233083507234,1.7791683475988082e-05,3.3978597094003646,-0.002204475177530903,-0.05099664146710983,0.0015816832267391632,0.0
275.0,0.12214273940597414,7.172505313307123e-06,3.3969640350959667,-0.0019979900251394667,-0.0484400512407559,0.0015769160392036746,0.0
276.0,0.12091782365941289,-2.221432171162445e-06,3.3960710127002973,-0.0020457082859270024,-0.046029416101919164,0.0015760868898501926,0.0
277.0,0.11969555918626003,-1.7836934044846114e-05,3.395253907505571,-0.002502802760452401,-0.04390901584609816,0.001573997040222994,0.0
278.0,0.11848880672140373,-4.201268877352555e-05,3.3944144890321057,-0.003483562541754153,-0.042502738922328434,0.0015703309753878191,0.0
279.0,0.11728796930035609,-5.152840456582334e-05,3.393500918432581,-0.004657546176477404,-0.04179673836878254,0.0015679923930975702,0.0
280.0,0.11608003329919184,-4.883774890281979e-05,3.3925564802284125,-0.005725038903189299,-0.041570229817743394,0.0015672690092867682,0.0
281.0,0.11486631573615508,-3.411698076518143e-05,3.391695679065437,-0.006408604695271664,-0.04176260260340506,0.0015687038960764705,0.0
282.0,0.1136450917577032,-9.628292104596694e-06,3.3908180175601417,-0.006482681405883636,-0.04216263299216855,0.0015713023531028197,0.0
283.0,0.11239830445376346,2.5715249684778314e-06,3.3900969929739557,-0.006297801846539785,-0.04230036555120201,0.001572119727098058,0.0
284.0,0.11114607690894965,1.9692806969646257e-05,3.389384096224707,-0.0057329753237411055,-0.04202792769962277,0.0015706981918272892,0.0
285.0,0.10988776882222774,1.1190696343988315e-05,3.388600685712866,-0.005449535371691461,-0.04099008530493483,0.0015693926931538292,0.0
286.0,0.10866064337708421,7.302703816992582e-06,3.3878257599038513,-0.005262445426521912,-0.040201107255963424,0.0015678728216816085,0.0
287.0,0.10743290922148564,-9.121079604470794e-06,3.386984750539856,-0.005491257858331177,-0.0394887973442012,0.0015624035673216397,0.0
288.0,0.10619322604351014,-1.4151052403747298e-05,3.386121702311133,-0.005832880395434354,-0.03852960642996144,0.0015571427209647686,0.0
289.0,0.10495743210964371,-8.970341995890567e-06,3.385169900385279,-0.006030543462831302,-0.03736301025563378,0.0015502915662506096,0.0
290.0,0.10371537574409075,-9.012977508141308e-06,3.3843998577270145,-0.006260821221201666,-0.035974324910972466,0.001541384351678827,0.0
291.0,0.10248881633367266,-9.59739079229973e-06,3.383610343384975,-0.006529832035548273,-0.034786263822175686,0.0015325579174348615,0.0
292.0,0.10125908387971666,-1.4380759383890398e-05,3.382787795907,-0.006951156225156224,-0.03359291944825504,0.0015221523227439224,0.0
293.0,0.10002921624091513,-3.0160803351229905e-05,3.381954649047961,-0.0078903638908005,-0.0325456712147297,0.0015177488633832934,0.0
294.0,0.0987955490575918,-2.0840218674872623e-05,3.3810530737383804,-0.008491967172865619,-0.031448886144071,0.0015033508207000907,0.0
295.0,0.09756652847834744,-2.096078527438993e-05,3.380199105725237,-0.009072387413996847,-0.030470125511923463,0.001496107291142574,0.0
296.0,0.09634121425748975,-1.897846862824381e-05,3.379419567504367,-0.00961096743100575,-0.029706155308303554,0.0014891783661543235,0.0
297.0,0.09511168355037457,-1.2620878945531345e-05,3.3785426512833654,-0.009981426033600235,-0.02900305766031539,0.0014746282141609578,0.0
298.0,0.09389505887370882,-1.155547557919555e-05,3.377708959662821,-0.01033357853122482,-0.02877118356978345,0.0014720787401162891,0.0
299.0,0.09265988663732132,-1.4073412188750502e-05,3.3768690077152432,-0.010819563226274233,-0.028439247618970112,0.0014740592569615389,0.0
300.0,0.09135169501776351,-1.9389029562905902e-05,3.3755081883549614,-0.01143361645933842,-0.02868486590409192,0.0014593609093587908,0.0
301.0,0.09001604732376436,-1.802605852360538e-05,3.374123911329147,-0.012014713280728633,-0.028780057811280773,0.0014306426782677473,0.0
302.0,0.08867853190479551,-1.7711160170765943e-05,3.372660925800831,-0.012550585069130971,-0.028646638858877915,0.0014242865772025263,0.0
303.0,0.08734645988616821,-1.5661292416800244e-05,3.371257905459354,-0.013028256350944387,-0.02847006334355988,0.001423038856211108,0.0
304.0,0.08601557383058914,-1.3734539852557934e-05,3.369869494025376,-0.013461566783028144,-0.028269779963325546,0.001421120634972645,0.0
305.0,0.08468367489385316,-1.1331477471700409e-05,3.3684760435282453,-0.013833367063109229,-0.028019626542046306,0.0014181774114295233,0.0
306.0,0.0833519784069878,-1.2221355104964153e-05,3.3670208568273705,-0.014184373147458965,-0.027696743772025193,0.0014136528970180601,0.0
307.0,0.08201789778203217,-8.18430284296637e-06,3.365616589810728,-0.014453052755528781,-0.027262011282286485,0.0013791591994324335,0.0
308.0,0.08068349710577565,-8.179114738404415e-06,3.364205051027868,-0.014727888017171403,-0.026695423360083032,0.0013504695085218405,0.0
309.0,0.07935246513121036,-1.0511894074358446e-05,3.3627886828185787,-0.01504267575896322,-0.02610999602896537,0.0013403524008062074,0.0
310.0,0.07802263916610065,-1.0458498709539797e-05,3.361373074544759,-0.01531452662510586,-0.02556404171313349,0.0013295641280067377,0.0
311.0,0.07669438033975103,-7.35402432385796e-06,3.35996647236438,-0.015495652063864137,-0.02506415556916655,0.001301763437534807,0.0
312.0,0.07536265029929455,-1.395172301041232e-06,3.3585574874934396,-0.015521005151303467,-0.02457189115514752,0.0012312077971378592,0.0
313.0,0.07403179680438847,-8.328073924210979e-08,3.357143139861391,-0.01549821959353038,-0.02409880030751684,0.0011773720242012002,0.0
314.0,0.07269920651675042,-3.5422943517063203e-06,3.35573659525959,-0.015538330587339597,-0.023607664576222286,0.001169618396051038,0.0
315.0,0.07137752095933525,-3.832177240765764e-06,3.354324210444835,-0.015577362326431475,-0.023322422006913285,0.0011651723761523717,0.0
316.0,0.0700504219154088,-1.6364795503667757e-06,3.3529171019071264,-0.015562929234439324,-0.023106215654923535,0.0011617986476831347,0.0
317.0,0.06872379352421301,-7.043526037459697e-07,3.351497616762716,-0.01552382379849483,-0.02296819277620326,0.0011596499768019297,0.0
318.0,0.06741562341840505,8.584639599533406e-06,3.350078317802363,-0.015188485631418478,-0.023691543463506038,0.0011277929643287111,0.0
319.0,0.0660888110736042,3.3806580768879523e-06,3.348658756405095,-0.01504608127581439,-0.024449371645922115,0.0011112388636577409,0.0
320.0,0.06475661640731926,-9.164864339750483e-06,3.347247519408168,-0.015258508316300873,-0.025188950066047135,0.0011182708039408646,0.0
321.0,0.06342958179111843,-9.863438965215836e-06,3.345838887361026,-0.015470894489743798,-0.02602589630064831,0.0011349431698146535,0.0
322.0,0.062100363986257956,-1.0848991999634057e-05,3.3444271435808224,-0.01571031726475038,-0.02688798207391261,0.0011094150825321383,0.0
323.0,0.06077039440444191,-1.0982182973547332e-05,3.343019183116172,-0.015941089858159008,-0.02777501281835224,0.0010996058516837927,0.0
324.0,0.059434482203023956,-6.3855945990685105e-06,3.341630422527274,-0.016078753878176654,-0.02857804576271462,0.0010659823728364213,0.0
325.0,0.05933580286193921,-6.702377031044946e-06,3.3414826222678826,-0.01610757708749067,-0.029307225978162238,0.0010727563062290176,0.0
326.0,0.05925172606645594,-1.071472173382493e-05,3.341412133222648,-0.016185527562693893,-0.030288372590887985,0.001098011876187356,0.0
327.0,0.059164770938724257,-9.209718829567153e-06,3.3413719294877633,-0.01621591105691839,-0.03142111349623363,0.0011287758708580624,0.0
328.0,0.0590739963220327,-8.040772186272282e-06,3.3413445525396614,-0.01622018426574387,-0.03262209789444176,0.0011602369930831318,0.0
329.0,0.058980546576360704,-6.111313914930196e-06,3.3413122919006764,-0.01618879791757788,-0.033822641700088044,0.0011893299027283307,0.0
330.0,0.058885566154216244,-5.244067537866233e-06,3.3412909702418516,-0.01614827563710919,-0.0350240238866557,0.0011907660143142152,0.0
331.0,0.058790319705774266,-3.0718858571834013e-06,3.3412553792445734,-0.0160647197086153,-0.03617030261818282,0.001200529374783611,0.0
332.0,0.058693337291226305,-1.135714025140966e-06,3.3412185553916642,-0.015944220476098947,-0.03723378444756619,0.0012132712661495778,0.0
333.0,0.058597626891640546,1.7921587372160714e-07,3.3411783951866303,-0.01580162067785494,-0.03824738774638133,0.0012161121922410496,0.0
334.0,0.05850098342434102,8.484353292568029e-07,3.3411337846814977,-0.015648421923461414,-0.03918533204661682,0.0012151180481341536,0.0
335.0,0.058405742384783736,1.546838375226938e-06,3.341089020074203,-0.015513630412983174,-0.04008323506421717,0.001211901578694834,0.0
336.0,0.05830604124345239,1.1506300118737806e-05,3.3410511597968684,-0.015100876519676626,-0.040844403123813315,0.0012129161713502908,0.0
337.0,0.05821234517519973,8.846499172958684e-06,3.3410138737620225,-0.0147645240498188,-0.041633996948684075,0.0012214794241496945,0.0
338.0,0.05811519309778893,6.778845494317991e-06,3.3409845634999913,-0.01449747742750156,-0.04234953492063575,0.0012343085219075692,0.0
339.0,0.05801928616278629,3.9259628384028915e-06,3.340944317702358,-0.014315312272108336,-0.04302101465087467,0.0012452572990010967,0.0
340.0,0.05792340869649384,2.7490103735357302e-06,3.340898844487467,-0.014166874154325552,-0.04364634532708857,0.001240258168797242,0.0
341.0,0.05782813416813199,1.3029172934111367e-06,3.340821625690973,-0.014051319702125468,-0.04420440587582859,0.0011933617051791245,0.0
342.0,0.05773192836142565,1.5545797924672536e-07,3.340807769211611,-0.013977933882342329,-0.044786528102433505,0.0011353712919214944,0.0
343.0,0.057637461706894384,-2.5310094741745e-06,3.3407576926320166,-0.01397591308159763,-0.04534377729218613,0.0010964916105118759,0.0
344.0,0.05754482954859101,-3.4413293293284497e-06,3.3406792447666325,-0.013987315790253727,-0.04588509862313903,0.00104562050246327,0.0
345.0,0.057451230504070125,-2.1021666515012464e-06,3.3405812841415194,-0.013941715751257756,-0.046346464797097,0.0010278117333534353,0.0
346.0,0.05735185191724222,2.801565428670863e-06,3.340557611788204,-0.013778690008329375,-0.04675946055833658,0.0010002679492783662,0.0
347.0,0.05725962793075228,2.905553740775675e-06,3.3405317147740208,-0.013618331282464499,-0.04727708880422656,0.0009730798144836847,0.0
348.0,0.05716024865955548,1.0174285255023478e-05,3.3405107133929737,-0.0132873870176315,-0.04772589171133596,0.0008918948147017381,0.0
349.0,0.057057490866334395,1.3722597721615133e-05,3.3405028254304665,-0.01292326435256482,-0.0479488252370262,0.0007720860036922076,0.0
350.0,0.05267459631782971,7.668539207475072e-06,3.338318686636674,-0.012743132579127948,-0.04963365764260556,0.0007076270724024608,0.0
351.0,0.048252265880984205,-7.398496214958899e-07,3.3360130499305507,-0.012810010822327501,-0.05190449980863344,0.0006616669097145371,0.0
352.0,0.04382462396535534,-2.000981676871028e-06,3.3336445060190902,-0.012919967791726725,-0.05442387335252165,0.0006014948247041457,0.0
353.0,0.03939298938067095,-7.974275847189222e-06,3.3312611185446346,-0.01319379377527822,-0.05701630571002507,0.0006428891550553352,0.0
354.0,0.0349586450997028,-1.0074700795785523e-05,3.328879391983597,-0.013512569253161247,-0.05960144327699624,0.0006446134294989973,0.0
355.0,0.030524308125776164,-1.9614265040055155e-05,3.3264817009132934,-0.014059686146521382,-0.062136502613232,0.0006444248102854536,0.0
356.0,0.02608964687182216,-2.8393626908831102e-05,3.3241238308672374,-0.014776372447453359,-0.06465292552678892,0.0007062056166688901,0.0
357.0,0.02166288511526082,-2.4246245070523843e-05,3.321751332253277,-0.015286457554909458,-0.06730553934911311,0.0007432223338589967,0.0
358.0,0.01723321789091272,-2.6448873076214008e-05,3.319413291408617,-0.01583767125826345,-0.07012542941667237,0.0007760525714022553,0.0
359.0,0.012804460021219372,-3.2283660276951864e-05,3.3170563814300396,-0.0165203711846025,-0.07304145737909487,0.0008010730130399688,0.0
360.0,0.008366722894594211,-3.755619770773907e-05,3.314725952036804,-0.017293318105515734,-0.07585451000504448,0.0008177511449472765,0.0
361.0,0.003941077314867683,-3.0619765525977935e-05,3.312377320133246,-0.017879178363866727,-0.07889457801604419,0.0008593613449268277,0.0
362.0,-0.0004883536118111553,-2.587940226644638e-05,3.310041452344209,-0.018351357523966213,-0.08207252319026878,0.0008876665217081167,0.0
363.0,-0.0049141378549620645,-2.7546498694816094e-05,3.307692175048841,-0.01886109538946609,-0.08546434912255844,0.0009157906505954795,0.0
364.0,-0.009332113829454404,-1.4079824274994213e-05,3.305340049130511,-0.019033497227760668,-0.08919682313619304,0.0010185461122578336,0.0
365.0,-0.013762349661234125,-2.3101903849107173e-05,3.3030050361718097,-0.019452119135761056,-0.09294813169053234,0.0011009876926442773,0.0
366.0,-0.01819441116821476,-9.703497302397704e-06,3.3006549555130285,-0.019522066238914157,-0.09664184046696438,0.0011612030150166977,0.0
367.0,-0.02263476567679075,-5.315227345856714e-06,3.2983223279773655,-0.019502533041290203,-0.10006625807975174,0.0011368905763330663,0.0
368.0,-0.027083841295439098,-1.255685609063221e-05,3.2959930562786464,-0.019673545907491492,-0.10310945018981246,0.001124300020268781,0.0
369.0,-0.031513570641848634,-1.235207835741551e-05,3.293643884392027,-0.019833508961919735,-0.10619798495911062,0.001130287585331764,0.0
370.0,-0.03594850185846011,-7.26777836389727e-06,3.291310435932705,-0.019870388689464735,-0.10924743497025317,0.0011147572553340795,0.0
371.0,-0.04037759034604179,-4.7946791057484255e-06,3.288953669516051,-0.019844670412579157,-0.11230689224583383,0.00107352247608173,0.0
372.0,-0.04481170331678421,-4.289791049683809e-06,3.2866113110172863,-0.01980970353552405,-0.11531014755625509,0.001019790506054553,0.0
373.0,-0.0492475436137939,-9.476972813410568e-07,3.284279614372481,-0.019703362753402134,-0.11825221911831829,0.0009698814945412932,0.0
374.0,-0.053681526904498365,-1.4788006642101415e-06,3.28192460666596,-0.019589069847175043,-0.12105139791412373,0.0009179200249425785,0.0
375.0,-0.056382822797506664,-2.2114593165857645e-06,3.278902427278772,-0.019517769132252824,-0.12256190902552942,0.0008238900281661056,0.0
376.0,-0.059040921384599224,-2.387033397776691e-06,3.2758165077251618,-0.01944893397511197,-0.12357232476351275,0.0007236572532988744,0.0
377.0,-0.06167533725146556,-1.7652112556258376e-06,3.2726984278372697,-0.019353728927644635,-0.1245764474144946,0.0006554151082035623,0.0
378.0,-0.0643046747081575,-3.2727756126824865e-06,3.269576282301734,-0.019288889125308857,-0.12566458675530665,0.0005825936499970301,0.0
379.0,-0.06693405266562984,-2.174612710880956e-06,3.266456555295662,-0.019181483729953104,-0.12685308048005667,0.0005089328959501649,0.0
380.0,-0.06956120104138622,4.6817682956317276e-07,3.2633321002568008,-0.01898931081431045,-0.12821442049938114,0.0004358767577181438,0.0
381.0,-0.07219231372688925,4.367602524706311e-06,3.2602177778322017,-0.01869369777987824,-0.12967029901497126,0.00037035437936481255,0.0
382.0,-0.0748227898526763,6.047661149447974e-07,3.2570952268735396,-0.018495869556611835,-0.13122252320082747,0.0003113313272279304,0.0
383.0,-0.0774548912521993,-6.472160647597131e-06,3.253978607035771,-0.018468244875561993,-0.1328760019983098,0.0002704086402077554,0.0
384.0,-0.0800818729966759,-8.294921377786921e-06,3.2508675880011904,-0.01847791724196533,-0.13477642656902306,0.00023078478240036232,0.0
385.0,-0.08271540891329103,-3.373935553881437e-06,3.247758140232893,-0.01833902519745814,-0.1367629310502552,0.00021186826177784922,0.0
386.0,-0.08534434479286082,-3.6344557500130217e-06,3.24463907961533,-0.01818792755034309,-0.13890822139277847,0.00018675583324775151,0.0
387.0,-0.08797442262032756,9.197631919880465e-07,3.2415237060588407,-0.017881360677649557,-0.14120933585028392,0.00015662987237100362,0.0
388.0,-0.09060391774822853,7.982172786796202e-06,3.238408963019533,-0.017356431127283568,-0.14367633626227308,0.000130538805944868,1.0
389.0,-0.09323213200995048,1.2753204398420101e-05,3.235285267675691,-0.016680334883168096,-0.1462895092936276,0.0001107266083772322,1.0
390.0,-0.09586312530290482,1.530027681857082e-05,3.2321714174996248,-0.015914877514676195,-0.14902403813189458,8.986143414450183e-05,1.0
391.0,-0.09849314280023892,1.820553549361145e-05,3.22905472645943,-0.015050107395223068,-0.15189724742446786,6.477017546014769e-05,1.0
392.0,-0.10113064769142029,1.889619949958327e-05,3.225957227694979,-0.014153387630840423,-0.1548008372810351,3.4776085684282823e-05,1.0
393.0,-0.10376241382291833,2.0015424161712014e-05,3.222843259644761,-0.0132151781992831,-0.1577977671171443,-1.4950384281872685e-06,1.0
394.0,-0.10639443666758377,2.1700935978985156e-05,3.219728167462702,-0.012224701512954841,-0.16086836085192643,-3.450200215135529e-05,1.0
395.0,-0.10902746514703791,2.3226603796789135e-05,3.216615695372608,-0.011192251496636387,-0.16400647426530632,-5.2908497060477944e-05,1.0
396.0,-0.1116622131084871,2.260982313458224e-05,3.2135083776618156,-0.010207555514575375,-0.16721947731019432,-5.5911814422164433e-05,1.0
397.0,-0.11429253644453091,2.487814259328557e-05,3.210391569386063,-0.009150959725346795,-0.17053683728091237,-4.766609258378682e-05,1.0
398.0,-0.11692340603253257,3.165499197329672e-05,3.2072709908085995,-0.007853459473661992,-0.17389653269511618,-3.2254745936809676e-05,1.0
399.0,-0.1195523405263491,1.4070156558753872e-05,3.2041707721161137,-0.007098056924278205,-0.17742450775796687,-1.0469908949097e-05,0.0
400.0,-0.11979880709280838,4.955541988214361e-05,3.204322189871949,-0.005367915715593224,-0.179843636146538,-2.7133496655640147e-05,1.0
401.0,-0.1200098898689515,4.2293951925789676e-05,3.204576382604107,-0.003976284190770318,-0.18249216573147262,-5.4674911996685946e-05,1.0
402.0,-0.1202316405870057,4.3396521724215326e-05,3.2048597991748764,-0.002514578396474168,-0.18513720656382324,-4.348372057038531e-05,1.0
403.0,-0.12045159901997476,3.957577120402964e-05,3.205144284823189,-0.0012344862089160593,-0.18792354909940154,-3.83878709649174e-05,1.0
404.0,-0.12067661146997628,4.1045175819118946e-05,3.2054289593336076,8.864232689466988e-05,-0.19062945921684224,-4.1128960449286485e-05,1.0
405.0,-0.12090773722834576,4.116274006688994e-05,3.2057140671948248,0.0013656080780469991,-0.19313824805794252,-5.67897519151202e-05,1.0
