#{"t_start": 1718309254.249305, "env_id": "None"}
r,l,t,num_wraps,c
-93.022867,30,1.036724,0.0,0
-88.558108,30,1.71517,0.0,0
-86.513051,30,2.481193,0.0,0
-98.297053,30,3.397388,0.0,0
-89.878347,30,4.52043,0.0,0
-91.903676,30,5.734821,0.0,0
-90.842037,30,7.102714,0.0,0
-94.614512,30,8.088157,0.0,0
-99.050232,30,8.981848,0.0,0
-90.729657,30,9.71255,0.0,0
-94.663444,30,10.426976,0.0,0
-94.073572,30,11.192411,0.0,0
-93.298336,30,11.935499,0.0,0
-95.269222,30,12.664284,0.0,0
-91.260946,30,13.410783,0.0,0
-89.998267,30,14.170096,0.0,0
-90.946673,30,14.882498,0.0,0
-87.811899,30,15.635187,0.0,0
-94.638738,30,16.35887,0.0,0
-92.307067,30,17.142181,0.0,0
-88.072393,30,17.901254,0.0,0
-96.65623,30,18.670697,0.0,0
-88.866146,30,19.439329,0.0,0
-88.820688,30,20.337221,0.0,0
-96.458915,30,21.390902,0.0,0
-96.667913,30,22.429912,0.0,0
-88.822633,30,23.257724,0.0,0
-91.801783,30,24.152733,0.0,0
-93.350218,30,25.085002,0.0,0
-96.543057,30,26.223397,0.0,0
-91.925928,30,27.026444,0.0,0
-91.069467,30,27.940712,0.0,0
-89.604456,30,29.077622,0.0,0
-88.646111,30,30.215763,0.0,0
-85.734531,30,31.227666,0.0,0
-92.754012,30,32.249802,0.0,0
-87.278459,30,33.159004,0.0,0
-89.148112,30,34.016986,0.0,0
-82.525267,30,34.819555,0.0,0
-95.301099,30,35.840378,0.0,0
-93.400732,30,36.919564,0.0,0
-88.981372,30,38.234631,0.0,0
-95.292058,30,39.301682,0.0,0
-86.611292,30,40.440546,0.3095340705057274,0
-92.219443,30,41.595882,0.0,0
-86.988129,30,42.875511,0.0,0
-88.852126,30,43.93314,0.0,0
-89.483162,30,44.881307,0.0,0
-92.301971,30,45.724467,0.0,0
-88.596588,30,46.542116,0.0,0
-89.682269,30,47.404706,0.0,0
-89.579307,30,48.278066,0.0,0
-87.128839,30,49.478061,0.18591229313389718,2
-87.129151,30,50.582165,0.0,0
-87.275402,30,51.814032,0.0,0
-95.1976,30,52.965022,0.0,0
-87.124837,30,54.050238,0.0,0
-86.638667,30,55.078115,0.0,0
-97.246477,30,56.061125,0.0,0
-90.431849,30,57.163432,0.0,0
-91.212059,30,58.338841,0.0,0
-89.597709,30,59.58884,0.0,0
-91.450942,30,60.778325,0.0,0
-92.819075,30,62.122788,0.0,0
-92.451548,30,63.451434,0.0,1
-92.377071,30,64.737614,0.0,0
-93.021693,30,66.098835,0.0,0
-89.905848,30,67.446114,0.0,0
-91.37136,30,68.705491,0.0,0
-92.004274,30,70.089947,0.0,0
-91.036631,30,71.510424,0.0,0
-88.803866,30,72.858469,0.0,0
-92.250603,30,74.130569,0.0,0
-81.974324,30,75.175807,0.0,0
-86.671527,30,76.35064,0.0,1
-86.254082,30,77.375278,0.0,0
-86.344416,30,78.322679,0.0,0
-92.137637,30,79.282262,0.0,0
-94.428672,30,80.373035,0.0,0
-92.41721,30,81.572997,0.0,0
-95.687634,30,82.774667,0.0,0
-88.788552,30,84.065766,0.0,0
-85.00186,30,85.123407,0.0,0
-88.394787,30,86.259165,0.0,0
-88.389622,30,87.386262,0.0,0
-89.756563,30,88.772182,0.0,0
-90.981785,30,90.047904,0.0,0
-95.420304,30,91.212717,0.0,0
-86.919772,30,92.361342,0.0,0
-89.376021,30,93.3685,0.0,0
-91.058319,30,94.45399,0.0,0
-84.696996,30,95.369202,0.0,0
-92.882637,30,96.483507,0.0,0
-90.830757,30,97.671975,0.0,0
-83.944319,30,98.896573,0.0,0
-93.583155,30,100.052048,0.0,0
-84.486939,30,101.099076,0.0,0
-82.717134,30,102.076239,0.0,0
-94.123698,30,103.045739,0.0,0
-95.687708,30,104.034084,0.0,0
-88.817943,30,105.080344,0.0,1
-96.155323,30,106.186942,0.0,0
-84.068601,30,107.372988,0.0,0
-88.668699,30,108.659882,0.0,0
-92.784443,30,109.800979,0.0,0
-94.15808,30,111.14968,0.0,0
-95.581759,30,112.376949,0.0,0
-88.24486,30,113.755823,0.0,0
-87.792771,30,115.110397,0.0,0
-88.244536,30,116.433893,0.0,0
-95.713212,30,117.986879,0.0,0
-83.866707,30,119.200195,0.0,0
-86.6186,30,120.520518,0.0,0
-84.094804,30,121.576963,0.0,0
-92.890411,30,122.801384,0.0,0
-96.224404,30,123.799982,0.0,0
-87.708689,30,124.748497,0.0,0
-88.509324,30,125.771075,0.0,0
-90.287576,30,126.97732,0.0,0
-88.844141,30,128.402953,0.0,0
-86.866704,30,130.331552,0.0,0
-82.55701,30,131.970552,0.0,0
-76.291735,30,133.947145,0.06485222724419465,0
-87.879536,30,135.786033,0.0,1
-77.650096,30,137.446519,0.1668278034796818,0
-88.896276,30,138.858607,0.0,0
-88.312929,30,140.26482,0.0,0
-85.538902,30,141.357633,0.0,0
-83.612916,30,142.530694,0.0,0
-88.490267,30,143.608342,0.0,0
-87.378515,30,144.560505,0.0,0
-83.861291,30,145.478565,0.0,0
-85.699826,30,146.68867,0.0,0
-87.288382,30,147.879534,0.0,0
-84.195154,30,149.103636,0.0,0
-82.994126,30,150.296834,0.0,0
-88.359924,30,151.456478,0.0,0
-68.744255,30,152.566187,0.5225777745633484,0
-87.096657,30,153.803433,0.0,0
-87.032071,30,155.031731,0.0,0
-86.667417,30,156.414277,0.0,0
-89.426489,30,157.710069,0.0,1
-87.163862,30,159.092011,0.0,0
-90.9016,30,160.37274,0.0,0
-86.413987,30,161.728648,0.0,0
-86.618628,30,163.219452,0.0,0
-97.088574,30,164.570175,0.0,0
-86.063401,30,165.920891,0.0,0
-86.507675,30,167.186757,0.0,0
-86.194339,30,168.389006,0.0,0
-97.356482,30,169.441037,0.0,0
-85.269914,30,170.42681,0.0,0
-87.621878,30,171.448189,0.0,0
-77.472235,30,172.689092,0.11856058699780962,0
-86.413052,30,174.037025,0.0,0
-85.292675,30,175.326905,0.0,0
-93.500822,30,176.717868,0.0,0
-90.103633,30,178.181382,0.0,0
-77.907328,30,179.660503,0.1623007560805102,0
-98.815547,30,181.096772,0.0,0
-65.095986,30,182.825822,0.7329140312115473,0
-77.802067,30,184.325228,0.1358125157772532,0
-85.392495,30,185.710018,0.0,0
-86.597993,30,187.070955,0.0,0
-85.173706,30,188.289117,0.0,0
-85.741638,30,189.575095,0.0,0
-89.827984,30,198.162801,0.0,0
-90.578012,30,199.227735,0.0,0
-94.469877,30,200.2063,0.0,1
-97.277871,30,201.443287,0.0,0
-79.486322,30,202.824917,0.13628632226036153,0
-51.411955,20,203.68415,0.9046481624372031,0
-93.393305,30,204.726933,0.0,0
-78.050334,30,205.787747,0.08288323625573266,0
-91.468191,30,206.716574,0.0,1
-81.902353,30,207.707661,0.029135703593058712,0
-85.769375,30,208.608147,0.0,0
-79.910089,30,209.551801,0.029396182272320347,0
-78.117475,30,210.459523,0.0008790107205106448,0
-85.501611,30,211.430403,0.0,0
-92.326269,30,212.514739,0.0,0
-75.597923,30,213.583617,0.10204644779805275,0
-83.401144,30,214.918221,0.20319257831346826,0
-79.713324,30,216.102575,0.16168622352225667,0
-77.522161,30,217.120436,0.11570843842272763,0
-87.12631,30,218.185664,0.0,0
-79.56526,30,219.183608,0.06119838535842502,0
-43.91198,16,219.707009,0.903779292149951,0
-78.474778,30,220.732668,0.03995125577485843,2
-45.468164,17,221.258124,0.9069427982052375,0
-78.143923,30,222.229121,0.02943146929158459,0
-78.350815,30,223.251359,0.4703219364072522,0
-77.766573,30,224.25235,0.10262655888921011,0
-80.109625,30,225.259447,0.07460261972557096,2
-87.814627,30,226.153198,0.0,4
-73.735163,30,227.130268,0.7298453439404368,0
-81.221852,30,228.105908,0.05067014030400026,2
-82.412379,30,229.051563,0.058640270040022674,2
-78.084224,30,230.072959,0.1734537427370886,0
-83.602408,30,231.019197,0.0,0
-33.977053,13,231.416899,0.9036362810679098,0
-71.061625,30,232.433987,0.6814359648977792,0
-77.498818,30,233.409545,0.03014964752046848,0
-37.562736,14,233.885968,0.9078636987082161,0
-71.653054,30,234.940593,0.49372647147084314,0
-77.038231,30,235.886173,0.05625603198093315,0
-74.506386,30,236.959086,0.21702203555150507,0
-79.207087,30,237.941173,0.059665018156764345,0
-78.523854,30,238.872661,0.06223781447164838,0
-47.332231,18,239.466527,0.9039614579422234,0
-78.945786,30,240.388698,0.04259365450668318,0
-77.869084,30,241.316548,0.112959908263439,0
-78.143646,30,242.277116,0.06068978871955812,0
-79.134443,30,243.221835,0.07094700317184043,0
-83.396957,30,244.108849,0.0,0
-74.152691,30,245.093797,0.0,0
-85.476015,30,245.986791,0.0,1
-41.9254,16,246.459247,0.9055138586610869,0
-68.921535,30,247.427232,0.684877967563374,0
-76.337857,30,248.3915,0.0,0
-78.159111,30,249.336305,0.03296959249314911,0
-78.719829,30,250.377291,0.21789740279105527,0
-50.346292,19,251.008653,0.900851112175815,0
-78.545509,30,252.040174,0.0,0
-55.058815,23,252.84612,0.9026375532150113,0
-82.08363,30,253.816339,0.06902372264945342,3
-42.052186,16,254.347953,0.9090933098619483,0
-77.331979,30,255.243881,0.19169357869963327,0
-82.081055,30,256.222261,0.0,0
-82.142216,30,257.236446,0.0,0
-42.701169,16,257.752377,0.9016500714269265,0
-70.769913,30,258.760483,0.6638012801966895,0
-71.610794,30,259.69536,0.7448297973981076,0
-40.130933,16,260.186356,0.9071703799758889,0
-77.468644,30,261.113202,0.0,0
-76.918437,30,262.044143,0.019808081844945237,0
-77.295105,30,262.94368,0.044163856183869976,0
-63.277668,26,263.759009,0.9008780261468607,0
-77.450293,30,264.674167,0.0657834173937837,0
-76.935164,30,265.556892,0.13901385379789707,0
-76.625492,30,266.433101,0.1740403303737764,0
-42.621139,16,266.955661,0.9012758696469962,0
-43.12327,16,267.443997,0.9002359569080068,0
-83.339622,30,268.371243,0.0,0
-78.428302,30,269.364175,0.0,0
-33.847119,13,269.774299,0.9029871990133453,0
-82.022441,30,270.722236,0.0,0
-81.902111,30,271.655852,0.0,0
-79.325378,30,272.63423,0.11493412501900512,0
-78.431406,30,273.622792,0.0,0
-72.808293,30,274.647941,0.48101424251677316,0
-79.591763,30,275.513814,0.0,0
-81.319032,30,276.379453,0.2441579879906701,0
-80.307277,30,277.26171,0.2205547452166558,0
-39.601792,16,277.714056,0.9046509887906079,0
-79.790065,30,278.620394,0.0,0
-83.63517,30,279.517672,0.0,0
-42.41871,16,279.99843,0.9026512068478493,0
-77.940246,30,280.961045,0.1564847156689999,0
-80.808533,30,281.954677,0.0,0
-39.357086,15,282.455034,0.9037664104326012,0
-76.174909,30,283.401264,0.1089787111597335,0
-79.426442,30,284.336116,0.040094837456432844,0
-41.819242,16,284.837341,0.9014351943112671,0
-77.268172,30,285.753996,0.0,0
-68.735324,30,286.81584,0.4610497211584055,0
-41.434133,16,287.299845,0.9056178859670703,0
-37.523443,14,287.713261,0.9037987752780124,0
-71.093996,30,288.663311,0.7595850280493156,0
-78.189429,30,289.604411,0.07734985762154152,0
-42.115702,16,290.083669,0.9066081431842135,0
-39.976957,15,290.552277,0.9014389923819259,0
-78.199831,30,291.471094,0.11825679853134273,0
-82.483531,30,292.420582,0.10328855391946878,0
-33.484601,13,292.815365,0.9004948357270297,0
-83.356602,30,293.716268,0.0,0
-83.52125,30,294.611118,0.0,0
-79.563676,30,295.526493,0.0,0
-42.77625,16,296.02454,0.9005991865128082,0
-81.188398,30,296.971322,0.0,0
-43.184944,16,297.41966,0.9023010187997244,0
-83.48775,30,298.320138,0.10406627275084747,0
-41.527655,16,298.790268,0.9035959845897509,0
-40.197169,16,299.317539,0.9026825577945062,0
-42.40863,16,299.809109,0.9131331705908803,0
-81.767708,30,300.744365,0.0,0
-41.944034,16,301.229978,0.900220473887319,0
-81.902281,30,302.237878,0.0,0
-39.327539,15,302.6674,0.9072191063751079,0
-80.92416,30,303.676929,0.0,0
-78.828753,30,304.601906,0.0,0
-78.747011,30,305.617586,0.16438767855996084,0
-78.350597,30,306.577975,0.04861516664497426,0
-79.438407,30,307.570408,0.3341005365381975,0
-43.426441,17,308.129737,0.9029567073340601,0
-68.945759,30,309.196897,0.4538460288715672,0
-79.898414,30,310.152685,0.7827550932143587,0
-79.870263,30,311.146203,0.04689854835077795,0
-38.988101,15,311.718082,0.9031418026934381,0
-39.855328,15,312.176362,0.9031755378054284,0
-69.91412,30,313.348522,0.7485468828496219,0
-39.449911,16,313.963722,0.9040977635050709,0
-82.022102,30,315.392601,0.0,0
-32.137487,13,315.951371,0.9027349959380767,0
-82.62618,30,317.097056,0.0,0
-34.15144,13,317.615689,0.9031966967237506,0
-39.575278,15,318.377001,0.9061598790054691,0
-70.487685,30,319.486743,0.6569674872548061,0
-36.661712,14,320.003023,0.9071152182781144,0
-81.535698,30,321.132668,0.0,0
-79.947683,30,322.275923,0.07246807234187377,0
-80.867627,30,323.453123,0.0,0
-77.661558,30,324.778195,0.0,0
-80.003767,30,325.930952,0.0,0
-78.358837,30,327.164144,0.0,0
-77.290325,30,328.458353,0.007733876456806025,0
-41.38915,16,329.048667,0.9066642977475496,0
-78.876943,30,330.148371,0.0,0
-40.117201,15,330.733634,0.9046188900769286,0
-69.864778,30,331.929763,0.7803280908017771,0
-77.791052,30,333.056804,0.0,0
-80.886274,30,334.171592,0.14049684143705252,0
-33.537474,13,334.644969,0.9001819734326554,0
-82.449882,30,335.707836,0.0,0
-79.19739,30,336.814849,0.0,0
-78.501473,30,337.884107,0.07544981829432015,0
-77.831494,30,339.034596,0.0,0
-41.359572,16,339.644878,0.903307276692573,0
-45.416467,17,340.271378,0.9006500957771795,0
-36.66592,14,340.77193,0.90515148907583,0
-44.707943,19,341.531251,0.9002892963586021,0
-77.118584,30,342.692348,0.0,0
-80.11463,30,343.812041,0.0,0
-33.561298,13,344.270379,0.9034812977071182,0
-36.978095,14,344.763526,0.9074636075531679,0
-79.167726,30,345.878971,0.0,0
-70.431976,30,347.119309,0.5103515243049748,0
-41.205311,16,347.719883,0.9005755999645089,0
-79.498745,30,348.830321,0.0,0
-79.17307,30,349.872627,0.22163268791107602,0
-44.397703,17,350.514391,0.9025416281799497,0
-79.243806,30,351.672826,0.3057253796641291,0
-36.643121,15,352.209801,0.9001643489221023,0
-80.193223,30,353.253306,0.1175750031604752,0
-37.738981,14,353.741916,0.9082908664912667,0
-79.709694,30,354.78679,0.0,0
-48.286531,20,355.54745,0.9024379152426151,0
-78.819588,30,356.606483,0.045325210451536424,0
-78.295371,30,357.660733,0.0,0
-80.987362,30,358.736925,0.0,0
-79.235561,30,359.778537,0.0,0
-41.838736,16,360.296047,0.9021645708319197,0
-42.190362,16,360.831081,0.9043016074117973,0
-78.293897,30,361.858174,0.0,0
-82.06632,30,362.876552,0.058667052643971325,0
-79.730605,30,363.864727,0.0,0
-80.412731,30,364.88053,0.0533780529217029,0
-80.944957,30,365.873122,0.0,0
-40.183425,15,366.388916,0.9057890328392038,0
-82.722499,30,367.49057,0.0,0
-83.472829,30,375.208588,0.33672963893189417,0
-80.763303,30,376.346676,0.09390268442626618,0
-69.22503,30,377.621582,0.7658003050757669,0
-34.028521,13,378.102108,0.9021049962618829,0
-33.034386,13,378.628509,0.9009648403778994,0
-81.036784,30,379.85376,0.0,0
-82.374232,30,380.840724,0.0,0
-78.796563,30,381.851043,0.0,0
-79.298129,30,382.866069,0.6250564770986661,0
-33.428583,13,383.286587,0.9050324600452105,0
-70.239082,30,384.393393,0.7521530213269884,0
-80.001147,30,385.421644,0.0,0
-33.873573,13,385.855074,0.9051335876325987,0
-42.469997,16,386.397308,0.902562692707287,0
-44.634511,17,386.964484,0.9077974038905904,0
-43.994354,17,387.584223,0.9016760727953357,0
-45.091547,18,388.204065,0.902206992843307,0
-80.071343,30,389.219408,0.0,0
-39.001775,15,389.712111,0.9068622822597886,0
-79.7045,30,390.751885,0.0,0
-79.440793,30,391.804978,0.0,0
-39.728196,15,392.34283,0.9034318723057958,0
-78.988358,30,393.347861,0.0,0
-81.849463,30,394.396467,0.0,0
-39.336748,15,394.920738,0.9055250641748123,0
-79.764161,30,395.901919,0.02861038917189281,0
-42.841677,18,396.56743,0.9000827241320886,0
-82.802955,30,397.570644,0.0,0
-79.233363,30,398.562841,0.0,0
-79.077103,30,399.57546,0.08129168406063873,0
-48.131174,20,400.265191,0.9015829442843537,0
-80.780183,30,401.263019,0.176048539671769,0
-79.049486,30,402.307557,0.0,0
-44.601244,17,402.879277,0.9092133066015113,0
-81.272648,30,403.860012,0.06921762101408091,0
-70.598607,30,404.911166,0.6523531445214612,0
-78.183953,30,405.912978,0.0,0
-36.643931,14,406.360175,0.9024489336807784,0
-79.132584,30,407.337486,0.0,0
-81.912866,30,408.292482,0.0,0
-78.801164,30,409.244575,0.0,0
-41.012716,16,409.791512,0.9031937867340231,0
-77.773707,30,410.931861,0.0,0
-78.276739,30,411.869319,0.0,0
-80.115609,30,412.830705,0.0,0
-37.033477,15,413.352398,0.9019092384531912,0
-53.108331,22,414.120067,0.9002092844649937,0
-35.972566,14,414.551869,0.9017486729381246,0
-49.820875,22,415.311041,0.9008289043811462,0
-38.537638,15,415.771093,0.9015257940674215,0
-51.389868,21,416.550574,0.9030685639991093,0
-50.422328,20,417.252012,0.9036292655818747,0
-33.180101,13,417.682409,0.9045772158332759,0
-77.78092,30,418.596393,0.0,0
-39.857836,15,419.089251,0.9011594564703831,0
-31.676715,12,419.480801,0.9025977703201916,0
-35.016934,13,419.898965,0.9023249075316107,0
-35.889812,14,420.349707,0.9021757139863824,0
-38.098533,15,420.847953,0.9061515898203415,0
-79.469715,30,421.843484,0.0,0
-45.957234,17,422.384965,0.9021231931308867,0
-77.218951,30,423.423997,0.0,0
-78.661006,30,424.404956,0.0,0
-78.281103,30,425.389085,0.28608567265824597,0
-42.924553,16,425.875231,0.9138978808687568,0
-60.536186,26,426.797351,0.9008353561884447,0
-46.318955,20,427.477408,0.9002384266911103,0
-82.315682,30,428.442874,0.025295565377556176,0
-41.499621,16,428.990787,0.9021111982629801,0
-78.280879,30,429.970543,0.0,0
-42.410593,16,430.500319,0.9072271013855832,0
-78.213271,30,431.494451,0.0,0
-78.625057,30,432.525365,0.04361106576543835,0
-78.571014,30,433.50455,0.0,0
-78.45004,30,434.464029,0.0,0
-81.843315,30,435.430604,0.0,0
-39.334045,15,435.894076,0.9002263415388397,0
-68.236555,30,437.009456,0.7340302709051715,0
-37.447356,14,437.479748,0.9132190714281012,0
-81.136684,30,438.471421,0.022486605619830895,0
-39.573608,15,438.982541,0.905975618600197,0
-78.782642,30,439.974563,0.0,0
-79.054299,30,440.957051,0.0,0
-78.81007,30,441.932316,0.0,0
-65.951984,30,443.021393,0.774176976037934,0
-78.753543,30,443.972269,0.03273654365051524,0
-78.509262,30,445.002996,0.0,0
-79.342071,30,446.009198,0.0,0
-64.406926,30,447.105301,0.8679248262916865,0
-37.061596,14,447.57794,0.9004649110258964,0
-41.217635,16,448.055174,0.9071979806766693,0
-77.205067,30,449.060512,0.0,0
-81.491244,30,450.046475,0.08350109228944524,0
-47.529493,18,450.608124,0.9006088350560107,0
-42.292394,16,451.134472,0.901109191164079,0
-79.915913,30,452.116529,0.13659808701255946,0
-42.019793,16,452.631228,0.9149506376954308,0
-36.898372,14,453.099132,0.9009452301007831,0
-41.573994,16,453.633197,0.9033940464642689,0
-42.394933,18,454.293888,0.901086556363414,0
-71.626599,30,455.56337,0.399914087915475,0
-81.051956,30,456.589846,0.0,0
-79.702945,30,457.771364,0.028933952192744236,0
-78.291134,30,459.151183,0.0,0
-67.500146,30,460.598267,0.836569285997912,0
-79.783897,30,461.805125,0.0,0
-79.018122,30,462.934162,0.0819143862242826,0
-70.486417,30,464.168948,0.44456990323723133,0
-41.799802,16,464.787466,0.9066798510220226,0
-80.180778,30,465.912456,0.0,0
-75.093775,30,467.202823,0.26416570257858785,0
-81.95097,30,468.4598,0.0,0
-39.158691,15,469.174134,0.900126366434131,0
-78.742123,30,470.515874,0.0,0
-38.886147,15,471.18677,0.9068389207212044,0
-78.395445,30,472.339788,0.0,0
-80.587428,30,473.494532,0.0,0
-40.187699,16,474.136428,0.9015422425727799,0
-41.503969,16,474.723681,0.9009022948747328,0
-81.276115,30,475.814935,0.0,0
-77.993069,30,476.919253,0.008576008347421907,0
-44.526795,17,477.549811,0.9015769862503785,0
-79.621488,30,478.652732,0.0,0
-38.451025,15,479.327701,0.901657514654651,0
-38.860285,15,479.934933,0.9086668857179674,0
-44.674279,17,480.580631,0.9027502416446284,0
-80.505468,30,481.690026,0.04798580003894028,0
-65.134332,30,482.979147,0.7267441493909504,0
-79.406107,30,484.188911,0.08483104763000343,0
-72.725263,30,485.364082,0.0,0
-37.101876,15,486.020806,0.900650963197565,0
-61.033464,26,487.134908,0.9006972030192478,0
-80.63982,30,488.401073,0.0,0
-43.51719,17,489.07172,0.9082613685393539,0
-39.989107,15,489.665975,0.905661149427712,0
-80.649962,30,491.010014,0.0,0
-78.017458,30,492.317199,0.0,0
-51.950861,22,493.207915,0.9025264918328356,0
-80.133654,30,494.403238,0.0,0
-78.253229,30,495.561791,0.1275908561727213,0
-29.096541,11,495.95821,0.9067085351603892,0
-55.443581,24,496.985063,0.9002448148398294,0
-79.22287,30,498.110089,0.0,0
-78.599419,30,499.376048,0.0,0
-78.650877,30,500.585736,0.0,0
-80.083824,30,501.7391,0.06339739257364294,0
-79.469135,30,502.929855,0.06187274447044318,0
-79.068974,30,504.071284,0.0,0
-75.001969,30,505.321044,0.03231374635036409,0
-80.718677,30,506.536226,0.0,0
-39.278694,15,507.115864,0.9035176081268893,0
-78.434141,30,508.257954,0.0,0
-39.533793,15,508.861816,0.9019708633484588,0
-33.78373,13,509.34932,0.9115529820651594,0
-79.254808,30,510.47484,0.0,0
-63.835626,30,511.723748,0.8490750603770543,0
-79.506975,30,512.829802,0.0,0
-78.011974,30,513.958494,0.0,0
-41.9156,16,514.631793,0.9014513870072167,0
-38.737291,15,515.279523,0.9045297655556948,0
-80.710697,30,516.433235,0.11795123294829409,0
-79.14693,30,517.639111,0.0,0
-78.866982,30,518.818536,0.0,0
-79.532784,30,519.970094,0.0,0
-46.131564,19,520.789349,0.9015969344542125,0
-80.335051,30,522.124467,0.0,0
-79.231719,30,523.357173,0.11729850968440368,0
-79.841558,30,524.527778,0.0,0
-32.188775,12,525.089179,0.9032889025838995,0
-81.548038,30,526.280834,0.0,0
-79.107724,30,527.534431,0.09744476748333465,0
-79.851021,30,528.741443,0.0,0
-65.650164,30,530.09323,0.694128776851073,0
-70.061849,30,531.530989,0.548940251263075,0
-79.899299,30,532.73295,0.0,0
-50.026392,21,533.702949,0.9022650459352707,0
-79.288979,30,535.082774,0.0,0
-42.573645,16,535.809907,0.907906535195906,0
-38.356985,15,536.45788,0.9048750728571164,0
-40.13312,15,537.096347,0.9076559750930564,0
-42.368375,16,537.835001,0.9003673724800714,0
-75.453474,30,539.219547,0.0,0
-79.980845,30,540.614825,0.0,0
-80.83448,30,542.196419,0.0,0
-78.617855,30,543.638266,0.0,0
-42.978261,17,544.490867,0.9053837519974681,0
-70.658294,30,546.433406,0.5913412519263204,0
-79.307796,30,547.771432,0.030190802548512728,0
-80.211418,30,549.16479,0.0,0
-79.368823,30,550.719811,0.0,0
-80.248545,30,552.2167,0.03237073978261742,0
-79.484686,30,553.697818,0.0,0
-78.629325,30,555.1164,0.0,0
-79.305951,30,556.704784,0.0,0
-80.45336,30,558.166861,0.0,0
-81.414574,30,559.935156,0.0,0
-79.482693,30,561.693009,0.0,0
-78.788718,30,563.494041,0.0023062955264699803,0
-80.16059,30,565.215938,0.0488062902645709,0
-41.953527,16,566.055681,0.9023081603323482,0
-80.113028,30,567.738014,0.0,0
-31.472917,12,568.435811,0.9012247302576092,0
-82.077095,30,583.094193,0.4812546821248797,0
-80.963977,30,584.863452,0.0,0
-78.022032,30,586.918817,0.0,0
-79.087662,30,588.823577,0.0,0
-80.014955,30,590.858531,0.0,0
-80.725248,30,592.437056,0.0,0
-81.043476,30,594.008821,0.06954077675623505,0
-48.648943,20,595.04986,0.9027098943254518,0
-78.408195,30,596.490788,0.0,0
-79.444538,30,597.961497,0.0,0
-78.392024,30,599.44781,0.030775229742901825,0
-78.993419,30,600.786975,0.11518993550274727,0
-80.300164,30,602.157086,0.0,0
-78.346794,30,603.626042,0.0,0
-80.670373,30,604.997657,0.0,0
-63.136347,30,606.541095,0.8466355356925314,0
-37.919349,15,607.184835,0.9008180053203951,0
-37.410518,15,607.851745,0.9020746437632563,0
-79.312416,30,609.217731,0.0,0
-79.613492,30,610.541312,0.0894790857673348,0
-80.081009,30,611.745693,0.0,0
-80.185266,30,612.983372,0.021622048846739912,0
-36.698025,14,613.581589,0.9049149004550746,0
-67.511983,30,615.584954,0.5310445451401173,0
-38.959496,16,616.317704,0.9013387265406749,0
-79.862335,30,617.594813,0.0,0
-36.117286,14,618.311613,0.9057325847022085,0
-80.01473,30,619.932102,0.0,0
-39.624196,15,620.690244,0.900092943669178,0
-79.051379,30,622.103882,0.154349177184198,0
-80.677798,30,623.372265,0.0,0
-37.939336,15,623.976236,0.9015734736333134,0
-78.51311,30,625.200754,0.056292379071296306,0
-80.385705,30,626.468007,0.0,0
-47.024583,19,627.303642,0.9026034794107279,0
-65.208214,30,628.702654,0.6967274682819943,0
-34.334235,13,629.300391,0.9008452239413648,0
-40.987951,16,629.991054,0.9084493086128335,0
-79.927411,30,631.244505,0.0,0
-80.389886,30,632.482181,0.0,0
-80.767193,30,633.687162,0.0,0
-79.135293,30,634.802286,0.02559294132301756,0
-78.857754,30,636.037744,0.10262288841101022,0
-77.508192,30,637.352828,0.10110799371144655,0
-36.566353,14,637.883029,0.9017685050544123,0
-80.156102,30,639.010208,0.0,0
-63.95116,30,640.34876,0.8394439349406188,0
-64.547765,30,641.663234,0.7526560142720092,0
-78.020083,30,642.81314,0.0,0
-40.324502,15,643.362818,0.9011382733539898,0
-78.847442,30,644.56285,0.0,0
-41.452017,16,645.171176,0.9052469135758503,0
-41.600814,16,645.816951,0.9073794842412629,0
-42.477969,16,646.427431,0.900662908836038,0
-79.567573,30,647.582826,0.0,0
-53.026631,22,648.520131,0.9000570473270457,0
-38.046311,15,649.125358,0.9014902527861193,0
-78.923807,30,650.272707,0.08585901860818404,0
-80.212997,30,651.383146,0.0,0
-41.507892,16,651.9907,0.9047377942797938,0
-41.697401,17,652.657378,0.902932294474673,0
-78.706927,30,653.832268,0.0,0
-41.760698,16,654.435954,0.9077030035276253,0
-80.114666,30,655.538837,0.0,0
-55.676433,23,656.44513,0.902180020530696,0
-31.360855,12,656.862837,0.906461826362994,0
-80.969646,30,657.892368,0.0,0
-36.123772,14,658.393814,0.9071000620560715,0
-76.506628,30,659.489537,0.0,0
-80.597111,30,660.528027,0.0,0
-79.707956,30,661.513543,0.0,0
-39.631481,15,662.02718,0.9042592462500602,0
-79.219072,30,663.046391,0.0,0
-80.575996,30,664.117679,0.0,0
-80.226832,30,665.201806,0.0,0
-80.143,30,666.255614,0.0,0
-31.462446,12,666.73636,0.9104984124381409,0
-79.404695,30,667.788832,0.37041021039831773,0
-81.336801,30,668.826599,0.08401108547269132,0
-78.543909,30,669.893464,0.0,0
-44.279645,17,670.48636,0.9098578368764823,0
-42.684103,16,671.034983,0.9120754865256357,0
-79.711799,30,672.00303,0.0,0
-65.699587,30,673.146576,0.7878226524924631,0
-75.750224,30,674.221204,0.0,0
-80.410978,30,675.26734,0.0,0
-41.935832,16,675.781046,0.9038341707917174,0
-39.789146,15,676.377732,0.905410347835604,0
-80.921928,30,677.651711,0.0,0
-79.660746,30,678.700374,0.0,0
-42.631563,16,679.482351,0.9066852155434184,0
-79.132628,30,680.471855,0.0,0
-79.064315,30,681.565381,0.0,0
-65.619614,30,682.743484,0.8963907906845474,0
-80.006805,30,683.757781,0.0,0
-79.810444,30,684.825811,0.0,0
-37.290908,14,685.337417,0.9094817332929053,0
-81.120341,30,686.372468,0.0,0
-40.314758,16,686.914147,0.9071435425349392,0
-80.721849,30,687.90057,0.0,0
-40.095329,15,688.401952,0.9004278817131608,0
-78.626626,30,689.362644,0.035154934291082615,0
-80.413898,30,690.427323,0.0,0
-80.787667,30,691.400538,0.0,0
-79.729435,30,692.364596,0.0,0
-38.825155,15,692.878906,0.9008905621715597,0
-79.63793,30,693.857202,0.0,0
-34.367722,13,694.263297,0.9044974950903583,0
-53.238314,23,695.094923,0.9006800151045407,0
-42.746423,16,695.757832,0.9024683050172729,0
-79.58803,30,697.247852,0.0,0
-79.189069,30,698.465965,0.0,0
-46.449649,19,699.337444,0.9016552871144451,0
-38.954883,15,699.944024,0.9061365210075821,0
-57.557123,24,701.091016,0.9001622416402861,0
-79.433307,30,702.423106,0.0,0
-80.888895,30,703.785774,0.0,0
-80.751472,30,705.156815,0.0024519354636040615,0
-35.914749,14,705.719031,0.9063960874851115,0
-38.871948,15,706.346943,0.9016241492186411,0
-37.995511,14,707.075248,0.9074709522659035,0
-81.429531,30,708.301989,0.0,0
-81.171647,30,709.604737,0.0,0
