#{"t_start": 1718321166.219208, "env_id": "None"}
r,l,t,num_wraps,c
-368.227934,100,1.484553,0.0,0
-330.91689,100,3.7899,0.0,0
-359.52347,100,5.990136,0.0,0
-367.275719,100,8.310913,0.0,0
-343.559961,100,10.584294,0.0,0
-335.109282,100,12.895393,0.0,0
-360.05237,100,15.219902,0.0,0
-321.759647,100,17.473888,0.0,0
-342.522323,100,19.75119,0.0,0
-358.201754,100,22.004707,0.0,0
-359.703742,100,24.230138,0.0,0
-345.336448,100,26.511629,0.0,0
-347.259728,100,28.836654,0.0,0
-346.30608,100,31.105077,0.0,0
-345.005849,100,33.392475,0.0,0
-342.273435,100,35.64634,0.0,0
-330.422379,100,37.987588,0.2738894511590002,0
-334.030183,100,40.351647,0.0,0
-337.504242,100,42.614657,0.0,0
-343.87903,100,44.844792,0.0,0
-349.411735,100,47.092546,0.0,4
-342.355917,100,49.385807,0.0,0
-310.940371,100,51.792214,0.0,0
-342.859724,100,54.087176,0.0,1
-347.950726,100,56.417513,0.0,0
-345.826246,100,58.757134,0.016211972359952722,1
-317.319366,100,61.343402,0.005792485648125033,1
-331.066559,100,63.563021,0.0,1
-363.829284,100,65.795722,0.0,0
-354.715838,100,68.098879,0.0,1
-60.359559,26,68.764715,0.7524968356765295,0
-346.221749,100,71.087606,0.0,0
-334.648147,100,73.358556,0.0,0
-347.226936,100,75.605753,0.0,2
-330.504233,100,77.92016,0.0,4
-324.343729,100,80.358308,0.0,0
-342.398462,100,82.716893,0.5628163113162962,2
-321.626225,100,85.122634,0.12048754920681241,0
-335.629957,100,87.396768,0.9260765515663372,5
-315.513813,100,89.813009,0.0,0
-339.411586,100,92.149902,0.0,2
-321.3416,100,94.530927,0.0,3
-298.706598,100,97.058401,0.0,1
-325.106294,100,99.41763,0.0,2
-284.77878,100,101.941041,0.6090936934628126,2
-314.527205,100,104.361923,0.0,4
-292.715731,100,106.729186,0.0,0
-303.271905,100,109.088055,0.0,0
-318.794558,100,111.412529,0.0,4
-307.989017,100,113.931368,0.0,0
-303.667721,100,131.314408,0.0,0
-314.852417,100,133.602849,0.0,0
-305.366019,100,135.953403,0.0,1
-308.875592,100,138.383278,0.0,0
-304.258298,100,140.772004,0.0,0
-299.366228,100,143.045516,0.0,0
-309.025895,100,145.507574,0.0,0
-312.509688,100,147.812463,0.0,0
-271.88349,100,150.426529,0.0,0
-308.026304,100,152.828304,0.0,0
-309.156816,100,155.27122,0.11370397324568612,0
-304.680987,100,157.76306,0.0,0
-314.111757,100,160.325517,0.0,0
-312.032472,100,162.757226,0.0,0
-302.827004,100,165.237734,0.0,0
-304.169038,100,167.602414,0.1089562472273814,0
-297.484315,100,170.057274,0.0,0
-306.575428,100,172.536941,0.0,3
-313.346953,100,174.926117,0.0,1
-289.011788,100,177.402162,0.24364604717711116,0
-313.692633,100,179.782638,0.0,1
-290.659153,100,182.226239,0.0,0
-294.449258,100,184.605858,0.0,1
-297.066201,100,187.030595,0.17304495774414255,0
-315.612862,100,189.384853,0.0,0
-300.206206,100,191.796803,0.0,0
-304.224568,100,194.252127,0.12759807782712393,0
-294.252723,100,196.782546,0.0,0
-295.034456,100,199.237695,0.0,0
-292.8015,100,201.726482,0.0,2
-292.543543,100,204.238135,0.0,0
-298.126522,100,206.627562,0.0,0
-315.948553,100,209.119668,0.06831747767551256,0
-291.143077,100,211.551532,0.0,0
-307.345289,100,213.99699,0.0,0
-315.477076,100,216.346629,0.0,1
-290.116706,100,218.805944,0.0,0
-277.241461,100,221.294123,0.7781150286890298,0
-287.007299,100,223.965659,0.0,0
-284.705574,100,226.530185,0.0,0
-287.875381,100,228.993177,0.04473811987329082,1
-287.468306,100,231.455325,0.0,0
-296.313466,100,233.944729,0.0,2
-291.893003,100,236.508394,0.0,0
-310.789829,100,239.239146,0.0,1
-291.250603,100,242.512334,0.02619422990563063,0
-308.863153,100,245.669644,0.0,0
-288.044473,100,249.862199,0.0521824563460552,0
-302.551721,100,253.144876,0.0,0
-311.496356,100,255.661323,0.30186096341351987,0
-294.76212,100,271.909768,0.0,0
-308.575874,100,274.236324,0.0,0
-291.915,100,276.589526,0.0,0
-310.053987,100,278.894049,0.0,0
-314.812447,100,281.232721,0.0,2
-291.411623,100,283.625998,0.0,0
-311.633122,100,286.066363,0.09496332985850368,0
-287.44483,100,288.492858,0.24959856295052932,0
-293.731625,100,290.783064,0.0,0
-291.126096,100,293.208053,0.006083926603319388,2
-310.942906,100,295.585208,0.0,0
-308.209242,100,298.020271,0.0,0
-296.172503,100,300.427669,0.1713901456597043,0
-276.514662,100,302.733413,0.0,0
-305.875667,100,305.154576,0.0,0
-288.430345,100,307.434334,0.0,0
-310.030232,100,309.825975,0.07194149401587788,0
-294.510632,100,312.36746,0.0,0
-299.485493,100,314.908963,0.0,0
-307.285809,100,317.260986,0.0,1
-286.088252,100,319.848191,0.034659044116037506,0
-291.59231,100,322.149476,0.0,0
-287.425172,100,324.759507,0.04340879219057089,0
-291.001303,100,327.206746,0.04589641773056565,1
-311.533777,100,329.605214,0.0,0
-292.121045,100,332.165811,0.0,0
-282.344559,100,334.652857,0.0,0
-289.734597,100,337.078648,0.0,0
-314.1265,100,339.414923,0.12334210398597438,0
-293.732658,100,341.975467,0.0,0
-204.830424,100,344.427238,0.6832913234265912,0
-289.559039,100,346.968623,0.0,0
-285.202896,100,349.518106,0.0,0
-291.112689,100,351.874343,0.3486516189620222,0
-165.219849,100,354.599412,1.050965818012326,5
-283.285933,100,356.993693,0.0,0
-299.447867,100,359.489545,0.0,0
-288.190449,100,361.880461,0.0,0
-288.164204,100,364.322352,0.05067265506092891,0
-293.947788,100,366.637002,0.0,0
-304.478522,100,369.089793,0.0,0
-288.848584,100,371.531248,0.34520913201566245,0
-308.377581,100,373.959055,0.0,0
-309.561854,100,376.329328,0.0706963526323962,0
-313.20575,100,378.658575,0.02492569749943919,0
-293.389907,100,381.113587,0.0,0
-307.392191,100,383.442967,0.18282537821328143,0
-305.468563,100,385.84699,0.0,0
-208.832897,100,388.540101,0.835387864943701,4
-306.864849,100,391.026431,0.0,0
-274.391938,100,409.07098,0.7999238071147463,0
-312.924526,100,411.543536,0.0,0
-281.068299,100,413.95486,0.0,0
-292.240657,100,416.384742,0.005665184834878461,0
-290.44293,100,418.916596,0.0,0
-283.252604,100,421.402257,0.0,0
-279.511742,100,423.938327,0.1810282955722872,0
-310.166161,100,426.206981,0.0,0
-306.898603,100,428.641812,0.0,0
-290.108325,100,431.132233,0.0,0
-286.611812,100,433.636226,0.01929761833339548,0
-277.130402,100,436.111369,0.0,0
-301.184647,100,438.522321,0.0,0
-286.656511,100,441.104435,0.0,0
-278.552827,100,443.622746,0.0,0
-289.497418,100,446.146723,0.0,0
-285.757173,100,448.545308,0.015083645224783221,0
-295.864763,100,451.124587,0.04501611972973203,0
-288.1297,100,453.529765,0.0,0
-286.377419,100,456.052979,0.045331033450273256,0
-175.603821,100,458.853097,1.053752089432051,2
-49.190727,22,459.443402,1.044797593482612,1
-290.838385,100,461.848351,0.0,0
-281.366543,100,464.280505,0.22922096898892197,0
-245.837835,100,467.043122,0.6014633453536989,11
-286.58447,100,469.665265,0.0,0
-309.879163,100,472.029852,0.0,0
-309.116792,100,474.504857,0.0,0
-289.79463,100,476.976806,0.0,0
-278.470487,100,479.427457,0.2533588374838182,0
-280.84577,100,481.949936,0.0,0
-281.200642,100,484.41521,0.220021277115838,0
-283.988395,100,486.865562,0.05989055386370055,0
-308.951129,100,489.271142,0.0,0
-45.455835,20,489.751854,1.0189935581021357,2
-291.602401,100,492.111505,0.16999875454950356,0
-53.571156,23,492.732713,0.9135163148471842,0
-289.888484,100,495.135836,0.06396062694217848,0
-293.348828,100,497.728432,0.0,0
-289.472492,100,500.199644,0.0,0
-309.717084,100,502.576671,0.0,1
-300.55876,100,505.018809,0.0,5
-297.567775,100,507.384483,0.0,1
-293.3108,100,509.855302,0.0,0
-307.484992,100,512.197846,0.0,0
-36.81886,16,512.582181,0.8122432941459233,2
-288.669789,100,515.058436,0.0,1
-287.054722,100,517.471734,0.0,2
-296.33553,100,520.070962,0.0796673290595362,0
-311.806141,100,522.557883,0.0,0
-302.37783,100,524.954529,0.0,2
-291.161113,100,527.597999,0.0,0
-309.559749,100,530.055993,0.009906200857093397,4
-292.950889,100,546.433621,0.0,0
-304.887423,100,548.860723,0.0,0
-288.178199,100,551.367937,0.038792069953920316,0
-288.630079,100,553.784128,0.0,0
-289.488163,100,556.238831,0.0,0
-295.171785,100,558.73506,0.0,0
-294.605828,100,561.260345,0.0,3
-288.143296,100,563.685301,0.0,0
-289.448862,100,566.112918,0.0,0
-292.206138,100,568.501258,0.0,0
-290.815185,100,571.03717,0.0,0
-282.923047,100,573.425245,0.0,0
-313.599434,100,575.778466,0.0,0
-298.395363,100,578.27098,0.0,2
-288.119386,100,580.778186,0.0,0
-305.191039,100,583.110703,0.02090842638083319,0
-294.841693,100,585.595961,0.0,0
-288.451047,100,588.023752,0.0,0
-289.630132,100,590.432962,0.0,0
-306.194505,100,592.961295,0.0,0
-289.253951,100,595.554403,0.0,0
-302.474911,100,597.919396,0.1515797432073897,0
-291.872945,100,600.370973,0.0,0
-297.651098,100,602.794536,0.024566637011096435,0
-290.056031,100,605.113996,0.0,0
-312.892829,100,608.446336,0.0,0
-292.236306,100,610.907164,0.0,0
-291.069261,100,613.584394,0.14596734686915236,4
-285.308198,100,615.977621,0.0,0
-292.667126,100,618.428551,0.0,0
-291.560272,100,620.790674,0.0,0
-308.489901,100,623.202161,0.05496980794881742,0
-306.212966,100,625.596876,0.16765818943174152,1
-306.216457,100,627.952309,0.10908483603032557,0
-290.206478,100,630.472928,0.0,0
-311.48379,100,632.886198,0.0,0
-302.700566,100,635.394997,0.18093815268836597,1
-288.60457,100,637.948019,0.0,0
-285.918333,100,640.444801,0.0,0
-292.431149,100,643.010619,0.0,0
-291.058887,100,645.349773,0.0,0
-293.258829,100,647.803632,0.06672330549334365,0
-289.9117,100,650.269386,0.0,0
-300.438122,100,652.795924,0.0,0
-314.006666,100,655.199197,0.0,0
-291.366065,100,657.711753,0.28564266171324315,0
-309.78509,100,660.162498,0.0,0
-291.781323,100,662.75124,0.0,0
-293.20277,100,665.1902,0.0,0
-292.939116,100,667.583163,0.0,0
-294.536752,100,686.293215,0.0,0
-289.586076,100,688.883325,0.0,0
-291.436266,100,691.51735,0.0,0
-295.812183,100,694.148633,0.0,0
-295.329035,100,696.586193,0.0,0
-289.550507,100,699.722686,0.058379864156379996,0
-293.200428,100,702.540542,0.0,0
-286.510949,100,705.13238,0.0,1
-287.570297,100,707.712553,0.17535174660216318,0
-293.853158,100,710.249302,0.03894187719161788,0
-35.935644,16,710.625982,0.9514085321989648,0
-38.571789,16,711.043653,0.7583322231505617,0
-294.655017,100,713.726676,0.0,0
-293.417291,100,716.321529,0.0,1
-289.607667,100,719.203544,0.04551605228600681,0
-289.162029,100,722.021744,0.10334131049708506,0
-285.071447,100,724.804419,0.1268164258807432,0
-295.406214,100,727.418509,0.0,0
-295.999294,100,730.059945,0.0,0
-285.219316,100,732.894994,0.0,0
-292.938686,100,735.570302,0.0,0
-289.649021,100,738.54538,0.0,0
-276.229372,100,741.666516,0.0,1
-273.89291,100,744.963441,0.5979469080910411,0
-299.439472,100,747.609475,0.054041986361822274,0
-300.929424,100,750.308142,0.19699242448302856,0
-306.885455,100,752.892655,0.0,0
-286.399932,100,755.532401,0.019834545826155323,0
-289.153805,100,758.072313,0.0,0
-288.630282,100,760.755331,0.0,0
-290.064937,100,763.35844,0.0,0
-293.628552,100,765.82507,0.0,1
-289.548787,100,768.2853,0.0,1
-281.82746,100,770.911603,0.0,0
-287.3783,100,773.614622,0.0,0
-312.983277,100,776.178744,0.01872231711723924,0
-288.736596,100,778.851274,0.0,0
-286.470656,100,781.529018,0.0,0
-282.50426,100,784.033444,0.8687220212920788,0
-287.071841,100,786.460023,0.0,0
-281.317484,100,789.09154,0.1638967152871065,0
-290.472539,100,791.640435,0.0,0
-288.212187,100,794.196475,0.0,0
-275.376838,100,797.191703,0.4724473053681859,19
-309.978418,100,799.627141,0.0,1
-290.647406,100,802.185296,0.0,2
-290.276856,100,805.060022,0.0,0
-293.326006,100,807.675503,0.0,0
-50.750255,20,808.128653,0.8613728609271237,0
-289.752752,100,810.799089,0.0,0
-293.163977,100,813.462145,0.0,1
-296.660489,100,816.031929,0.0,0
-290.23281,100,818.605057,0.0,0
-298.665921,100,835.868145,0.0,0
-290.561618,100,838.45846,0.0,0
-290.943111,100,841.066569,0.0,0
-312.078686,100,843.610399,0.15066768030056785,0
-288.099253,100,846.165908,0.11081210840761489,0
-244.644369,100,848.906816,0.856381769592991,0
-296.389336,100,851.358039,0.0,0
-269.656301,100,853.994639,0.9293625018638371,0
-295.737475,100,856.536805,0.07534606467441446,0
-299.088054,100,859.05206,0.0,0
-299.997191,100,861.527381,0.018979999077497235,0
-201.172527,80,863.635438,0.9934062106910033,2
-291.701506,100,866.259964,0.0,0
-294.15266,100,868.887422,0.0,0
-36.399682,16,869.291089,0.795559889747756,0
-298.270255,100,871.801846,0.0,0
-293.528865,100,874.281447,0.019536352367563865,0
-288.435497,100,876.870065,0.0,0
-297.728935,100,879.423973,0.14459749814563025,0
-49.904185,20,879.865447,0.751052764656464,0
-281.415536,96,882.259621,0.8046540319933161,0
-296.750701,100,884.629341,0.0,0
-296.26335,100,887.144287,0.08468413148739032,0
-292.142988,100,889.726188,0.11233262533995923,0
-301.070336,100,892.18514,0.0,2
-289.469824,100,894.753774,0.12250628678845384,0
-292.597606,100,897.30435,0.0,0
-311.26522,100,899.613194,0.1539887429501515,0
-287.106842,100,902.149176,0.0,0
-307.489791,100,904.716946,0.0,0
-289.679176,100,907.229791,0.0,0
-293.346211,100,909.657727,0.0,0
-298.878826,100,912.231604,0.0,0
-44.042966,18,912.668198,0.7516157008672798,0
-293.58363,100,915.277199,0.08593305071644082,0
-299.141798,100,917.868043,0.0,0
-33.969829,13,918.232861,0.7869367681981054,0
-258.423957,100,920.819843,0.269067189985876,0
-289.957789,100,923.27239,0.0,0
-299.163059,100,925.795063,0.0,1
-286.496346,100,928.341437,0.0,0
-290.509171,100,931.014672,0.0,0
-313.338275,100,933.488782,0.0,0
-314.68922,100,936.018339,0.059099155083239256,0
-292.197346,100,938.515714,0.0,1
-311.117335,100,941.009634,0.0,0
-290.29201,100,943.604798,0.0,1
-72.127865,28,944.322656,0.7510495268554817,0
-297.091038,100,946.827143,0.0,0
-306.900256,100,949.163969,0.1010187688531227,0
-297.918988,100,951.597035,0.0,0
-291.698293,100,954.102805,0.3138548215285067,0
-303.376235,100,956.561619,0.1024304105383894,0
-303.184905,100,959.103083,0.048886222751096144,0
-296.836123,100,977.577922,0.0,0
-300.057664,100,980.185325,0.0,0
-307.036743,100,982.620652,0.14567843136652944,0
-297.57742,100,985.131948,0.0,0
-301.973403,100,987.6288,0.0,1
-307.007938,100,990.103988,0.0,1
-295.073339,100,992.543798,0.18311545700633447,0
-356.797575,100,994.543974,0.0,0
-300.575104,100,997.078927,0.0,0
-292.743069,100,999.46959,0.0,0
-310.227522,100,1002.001371,0.0,0
-311.989104,100,1004.344424,0.0,2
-313.088942,100,1006.744685,0.0,0
-339.664609,100,1009.515945,0.0,1
-30.86431,15,1009.890212,0.784329271961818,0
-320.999642,100,1012.447319,0.0,1
-356.646083,100,1014.408964,0.0,0
-327.790629,100,1016.791722,0.0,1
-357.522221,100,1018.725402,0.0,0
-329.084639,100,1021.120191,0.0,1
-331.361349,100,1023.545262,0.0,1
-335.37909,100,1025.843591,0.0,1
-336.367024,100,1028.192478,0.0,0
-340.130156,100,1030.468909,0.0,1
-335.543684,100,1032.661187,0.0,1
-337.04779,100,1034.8008,0.0,0
-345.487417,100,1036.854132,0.0,0
-361.293529,100,1038.815842,0.0,0
-363.286176,100,1040.7183,0.0,0
-361.062817,100,1042.789964,0.0,0
-360.101051,100,1044.841657,0.0,0
-359.957684,100,1046.791265,0.0,0
-360.921732,100,1048.928663,0.0,0
-353.270671,100,1050.964392,0.0,0
-355.460776,100,1053.121745,0.0,0
-356.311813,100,1055.274136,0.0,0
-353.313184,100,1057.312874,0.0,0
-360.374432,100,1059.261872,0.0,0
-348.704111,100,1061.023297,0.0,0
-361.632675,100,1063.098751,0.0,0
-357.347993,100,1064.989334,0.0,0
-355.005217,100,1066.983157,0.0,0
-360.287704,100,1069.011886,0.0,0
-356.310523,100,1071.063194,0.0,0
-358.323759,100,1073.07039,0.0,0
-359.481466,100,1075.103922,0.0,0
-355.430839,100,1077.211584,0.0,0
-365.96156,100,1079.170281,0.0,0
-356.9237,100,1081.230789,0.0,0
-359.924021,100,1083.304973,0.0,0
-357.692736,100,1085.375103,0.0,0
-360.22315,100,1100.188471,0.0,0
-360.85877,100,1102.200442,0.0,0
-357.925365,100,1104.157075,0.0,0
-359.494017,100,1106.066346,0.0,0
-368.390129,100,1108.092655,0.0,0
-368.675222,100,1110.086069,0.0,0
-364.354988,100,1112.204072,0.0,0
-363.531586,100,1114.243766,0.0,0
-370.637464,100,1116.268996,0.0,0
-370.41353,100,1118.197379,0.0,0
-356.79147,100,1120.196219,0.0,0
-366.988135,100,1122.161903,0.0,0
-366.776135,100,1124.072499,0.0,0
-358.796762,100,1126.161126,0.0,0
-367.844598,100,1128.173251,0.0,0
-360.413034,100,1130.301086,0.0,0
-362.247432,100,1132.365191,0.0,0
-361.682266,100,1134.490724,0.0,0
-365.086619,100,1136.486753,0.0,0
-359.044784,100,1138.594342,0.0,0
-363.721211,100,1140.52494,0.0,0
-357.039795,100,1142.727626,0.0,0
-358.012034,100,1144.757017,0.0,0
-364.296228,100,1146.822084,0.0,0
-363.085259,100,1148.804148,0.0,0
-345.137565,100,1150.889644,0.0,0
-362.725571,100,1152.814584,0.0,0
-355.101955,100,1154.947494,0.0,0
-327.820485,100,1157.355682,0.0,1
-362.110292,100,1159.444087,0.0,0
-325.635467,100,1161.848645,0.0,0
-322.065124,100,1164.32666,0.0,0
-296.32065,100,1166.78189,0.0,0
-297.30867,100,1169.324168,0.0,1
-303.88321,100,1171.878874,0.0,0
-309.335025,100,1174.245311,0.0,0
-292.20716,100,1176.800267,0.0,0
-305.47535,100,1179.355128,0.0,0
-308.225694,100,1181.95497,0.0,0
-300.963474,100,1184.541326,0.0,0
-342.508357,100,1186.754138,0.0,0
-46.129321,21,1187.406959,0.7912910317911336,2
-311.60809,100,1190.056393,0.0,0
-296.631343,100,1192.532496,0.0,0
-301.499354,100,1195.015215,0.0,0
-304.085083,100,1197.489364,0.0,0
-308.379236,100,1200.203116,0.0,0
-307.117056,100,1202.995221,0.0,0
-296.413631,100,1205.711437,0.0,0
-303.517013,100,1208.386525,0.0,0
-308.394521,100,1211.083525,0.0,0
-309.132024,100,1229.93461,0.0,0
-303.340495,100,1232.567259,0.0,0
-300.784204,100,1235.215573,0.0,0
-63.124765,35,1236.201804,1.0462989095771096,1
-301.833894,100,1238.818198,0.0,0
-297.713677,100,1241.293768,0.0,0
-290.679731,100,1243.965515,0.0,0
-301.762286,100,1246.551397,0.0,0
-295.596243,100,1249.200407,0.0,0
-44.537509,25,1249.850984,0.9012153482121581,0
-301.96366,100,1252.392537,0.0,0
-299.267203,100,1254.896981,0.0,0
-43.886275,22,1255.497967,0.8098527198049861,2
-298.702502,100,1258.041531,0.0,0
-290.280482,100,1260.64386,0.0,0
-299.97786,100,1263.978329,0.0,0
-42.979374,22,1265.371106,0.8570759593177706,0
-38.449905,20,1266.367014,1.097121577929325,0
-45.946484,23,1267.054203,0.9446941964721344,2
-299.153198,100,1270.239667,0.0,0
-40.179761,21,1270.903574,1.0916437987573886,2
-36.140508,19,1271.555748,0.9577658040989663,0
-53.364636,26,1272.240437,0.960078457726042,1
-49.546525,22,1272.804499,0.8614393844403357,3
-40.516737,21,1273.340048,1.1082909063173292,0
-299.827609,100,1275.741945,0.0,0
-43.066566,19,1276.192365,0.8280012783763702,0
-297.989479,100,1278.785728,0.05999122676738745,0
-38.369774,19,1279.251294,0.9448259735570125,0
-42.510385,19,1279.732371,0.781545814917392,0
-296.24875,100,1282.236445,0.0,0
-296.13877,100,1284.667615,0.0,0
-42.982125,20,1285.144116,1.1023145108008927,0
-37.063447,19,1285.621001,1.0551281542278,0
-296.432573,100,1288.002456,0.17042077072572265,0
-297.202326,100,1290.562716,0.0,0
-297.346808,100,1293.051409,0.0,0
-40.657876,19,1293.510316,0.9457206895005706,0
-267.48506,100,1296.134455,0.22128399768427787,0
-289.896504,100,1298.552171,0.0,0
-297.346659,100,1300.965635,0.0,0
-297.886019,100,1303.36272,0.0,0
-296.541521,100,1305.838196,0.005469171687865719,0
-293.415787,100,1308.48907,0.0,0
-300.223893,100,1310.796258,0.1196995214253753,0
-299.231091,100,1313.330905,0.0,0
-295.534634,100,1315.900114,0.0,0
-296.225863,100,1318.430747,0.0,0
-37.929907,17,1318.932641,0.9280528271758504,0
-290.729144,100,1321.331115,0.0,0
-308.755624,100,1323.714811,0.08653541452099715,0
-290.915103,100,1326.1455,0.0,0
-303.574174,100,1328.684598,0.05498368601914561,0
-303.19337,100,1331.154113,0.007957205309604722,0
-307.235663,100,1333.640847,0.03825082948029796,0
-305.372291,100,1336.038587,0.06474572612305528,0
-307.021613,100,1338.444837,0.07386222793453527,0
-311.23721,100,1341.68075,0.0,0
-297.259313,100,1344.307881,0.0,0
-293.656229,100,1346.974284,0.015760650258436645,0
-304.970777,100,1349.637244,0.0508242639069868,0
-294.465729,100,1352.361188,0.0,0
-61.167384,25,1353.065855,0.8070352116193533,2
-304.643204,100,1355.492703,0.2533251515805026,0
-281.976643,100,1357.975488,0.0,0
-154.202782,63,1374.653262,1.6531396723167957,0
-294.190613,100,1377.156944,0.11390395149412186,0
-294.04921,100,1379.651849,0.277336432603954,0
-293.552827,100,1382.007962,0.020615871738223032,0
-316.266152,100,1384.473707,0.04476352522867498,4
-307.153686,100,1386.879019,0.05806366925092572,1
-300.418746,100,1389.595269,0.0,0
-293.27601,100,1391.947993,0.0,0
-305.27008,100,1394.359347,0.027722112431175096,0
-308.948042,100,1396.740095,0.17959187422065126,1
-298.19049,100,1399.124739,0.0,0
-301.031842,100,1401.475794,0.0,2
-297.478394,100,1403.99483,0.10255333025283399,2
-50.274468,22,1404.538234,0.7507275954932106,1
-298.465187,100,1406.93966,0.0,0
-306.951803,100,1409.316346,0.0,0
-304.377203,100,1411.780341,0.04603202380202896,0
-299.528779,100,1414.225863,0.09856621570910665,0
-298.25908,100,1416.5843,0.0,1
-311.142776,100,1419.138803,0.08506537297632785,12
-298.725846,100,1421.544437,0.0,1
-298.782392,100,1424.018085,0.0,0
-47.465978,23,1424.592803,0.8448372512451985,1
-290.142037,100,1427.063462,0.0,0
-291.634792,100,1429.622588,0.0,0
-293.777141,100,1432.132433,0.0,0
-36.486439,17,1432.553963,1.1120773082712805,0
-299.519957,100,1435.090593,0.0,0
-40.765515,19,1435.547404,0.934039356089035,2
-293.345473,100,1438.083443,0.0,0
-294.916708,100,1440.613831,0.0,0
-296.687495,100,1442.8951,0.0,0
-295.111403,100,1445.343865,0.0,0
-296.94062,100,1447.801316,0.0,0
-294.338448,100,1450.342367,0.0,0
-290.997693,100,1452.797426,0.0,0
-294.084215,100,1455.208705,0.0,0
-304.661145,100,1457.569635,0.0,5
-300.637745,100,1460.065729,0.06662627582645783,0
-301.532946,100,1462.395771,0.0,0
-296.986403,100,1464.795423,0.0,0
-276.390426,100,1467.346768,0.2192737147399243,2
-304.941212,100,1469.857188,0.01729225121056621,0
-277.457254,100,1472.363829,0.17729219206625038,1
-293.801342,100,1474.770633,0.0,0
-60.926685,30,1475.558458,0.8667010741973659,3
-295.501083,100,1477.978031,0.0,0
-297.607637,100,1480.457694,0.0,0
-299.472197,100,1482.857895,0.0,0
-296.010494,100,1485.351822,0.0,0
-306.452097,100,1487.704455,0.016947299953324006,1
-32.656565,15,1488.069637,1.1959477608109488,0
-306.101975,100,1490.460516,0.07748109159622046,0
-38.928707,19,1490.933125,1.1343034034392259,2
-295.68872,100,1493.427234,0.0,1
-43.330821,21,1493.977874,1.1814116712767408,0
-38.572511,17,1494.423907,1.2720422599867336,0
-298.097975,100,1512.301808,0.0,0
-298.325081,100,1514.708553,0.0,0
-296.459191,100,1517.044131,0.0,0
-295.107013,100,1519.439669,0.08174409163558817,0
-51.279825,26,1520.123961,1.0813098128508773,1
-304.364022,100,1522.561787,0.0,3
-49.168373,23,1523.16055,0.9145573376322532,2
-302.751651,100,1525.729158,0.0,0
-292.011691,100,1528.116594,0.13870980838368333,0
-296.346499,100,1530.668069,0.0,0
-296.017992,100,1533.219134,0.0,0
-297.242379,100,1535.651219,0.0007472602815514812,0
-294.656865,100,1538.042386,0.0,0
-42.067706,22,1538.65898,1.1012115054469669,0
-47.4359,22,1539.249548,0.8797275615948349,1
-293.892557,100,1541.67618,0.12823554195379963,0
-301.573227,100,1544.059161,0.0,0
-298.48884,100,1546.484445,0.0,0
-296.166685,100,1548.905246,0.9904880217610729,0
-296.621292,100,1551.313594,0.0,0
-294.159045,100,1553.755737,0.0,0
-299.880734,100,1556.025356,0.0,0
-295.454779,100,1558.41118,0.30671869694267134,0
-298.528775,100,1560.949289,0.0,1
-298.275902,100,1563.369387,0.24363681810575544,0
-301.381003,100,1565.839442,0.0,0
-293.840534,100,1568.255155,0.05226213783491111,0
-40.970517,21,1568.785635,0.9619262627656296,0
-33.469904,18,1569.262305,0.9358801219408298,0
-297.398316,100,1571.747369,0.0,0
-295.707226,100,1574.21233,0.10419750099869689,0
-295.50966,100,1576.571477,0.03665260184120207,0
-163.296073,65,1578.064389,0.9068353316816025,0
-304.088992,100,1580.495798,0.0,0
-298.549222,100,1582.775581,0.056037147993657825,0
-296.115623,100,1585.163634,0.0,0
-199.89469,75,1587.014947,0.9105121413072697,0
-38.46081,18,1587.455449,0.7885004614381944,0
-297.641702,100,1589.932288,0.0,0
-301.50309,100,1592.304334,0.0,0
-302.117389,100,1594.671129,0.0,0
-297.003673,100,1597.163514,0.0,0
-299.702863,100,1599.515694,0.0,0
-304.375788,100,1601.909033,0.0,1
-286.173028,100,1604.314675,0.21207678175640166,0
-292.673247,100,1606.686301,0.34340715503172164,1
-297.875307,100,1609.135683,0.0,0
-297.987809,100,1611.651154,0.0,1
-302.205438,100,1614.120502,0.0,0
-304.168094,100,1616.505386,0.0,2
-301.831664,100,1619.112373,0.0,0
-305.287356,100,1621.617712,0.0,0
-322.099867,100,1624.017753,0.0,12
-299.416145,100,1626.227961,0.0,0
-42.749313,20,1626.743638,0.8167157022945715,1
-298.528921,100,1629.149833,0.0,0
-297.251914,100,1631.650049,0.0,0
-288.482843,100,1648.49379,0.0,0
-117.847837,58,1650.229474,1.0017599670577584,0
-297.163661,100,1652.64444,0.0,0
-297.885574,100,1654.939591,0.0,0
-297.252242,100,1657.299907,0.0,0
-300.493332,100,1659.646131,0.12487136029888292,2
-302.946496,100,1661.895187,0.0,0
-295.086081,100,1664.401871,0.0,1
-311.131137,100,1666.812965,0.0,0
-307.414166,100,1669.188147,0.0,0
-261.664615,100,1671.602908,0.9474940424381882,3
-296.872797,100,1673.920329,0.0,0
-294.299076,100,1676.421879,0.0,0
-298.532803,100,1678.692209,0.0,1
-299.297539,100,1681.042247,0.0,0
-304.098506,100,1683.487043,0.0,9
-297.726043,100,1685.878251,0.0,2
-311.548335,100,1688.17851,0.044001560852642514,3
-295.148962,100,1690.535258,0.004951582515477439,0
-47.341676,21,1691.058492,0.9575445276983832,0
-300.167957,100,1693.437544,0.0,0
-295.465517,100,1695.781182,0.0,2
-299.996528,100,1698.092013,0.0,0
-296.034323,100,1700.429273,0.0,3
-298.300393,100,1702.787396,0.0,0
-289.721556,100,1705.251707,0.026357750888283467,0
-293.228545,100,1707.646989,0.0,0
-296.837748,100,1710.043289,0.0,0
-301.839465,100,1712.420721,0.0,6
-295.690032,100,1714.856283,0.0,0
-294.720844,100,1717.386355,0.0,0
-260.725819,100,1719.637373,0.0,0
-296.791973,100,1722.17542,0.0,0
-305.449542,100,1724.601372,0.020887315158254587,1
-121.408882,50,1725.882937,0.8761091189378775,0
-295.291581,100,1728.320424,0.0,0
-295.644837,100,1730.856649,0.0,0
-298.674775,100,1733.360734,0.14115523429995466,0
-298.880592,100,1736.488251,0.0,0
-292.819346,100,1738.905361,0.0,0
-297.716035,100,1741.256611,0.0,0
-299.489815,100,1743.602661,0.0,0
-301.685688,100,1745.991995,0.0,0
-291.457909,100,1748.45302,0.951985825394793,0
-295.114559,100,1750.975593,0.0,0
-291.264471,100,1753.286192,0.06386561765451043,0
-295.774956,100,1755.730126,0.0,0
-292.663774,100,1758.138874,0.0,1
-295.553896,100,1760.46005,0.0,0
-294.992409,100,1762.830026,0.12656604583243866,0
-297.480929,100,1765.262634,0.0,0
-300.282924,100,1767.518312,0.0,0
-300.714521,100,1786.27999,0.10559399495074165,0
-287.795991,100,1788.86578,0.0,0
-303.972409,100,1791.093863,0.03631781123405981,0
-300.220721,100,1793.475931,0.0,0
-294.849224,100,1796.058141,0.048466281132214205,0
-39.009739,18,1796.551347,0.9764465329261919,1
-294.44134,100,1798.935,0.0,0
-294.812335,100,1801.2808,0.0,0
-297.036768,100,1803.600393,0.08326701489662394,0
-292.161202,100,1806.042416,0.06570170693424346,1
-297.913779,100,1808.400166,0.0,0
-298.020657,100,1810.704828,0.11932147244733453,0
-295.170423,100,1813.121865,0.0,0
-297.476479,100,1815.561152,0.0277627637991182,0
-300.049044,100,1817.89863,0.04165348487827124,0
-291.069113,100,1820.254496,0.0,0
-296.442207,100,1822.576931,0.05258114300748585,0
-292.88803,100,1825.078955,0.0,0
-297.609997,100,1827.452072,0.0,0
-299.037729,100,1829.803422,0.0,0
-294.486558,100,1832.164924,0.0,0
-295.335031,100,1834.598699,0.0,0
-303.479261,100,1836.903365,0.007359343217893979,0
-41.622879,18,1837.351127,0.9693808426190664,0
-298.677012,100,1839.61756,0.0,0
-298.639181,100,1841.950633,0.0,0
-293.497968,100,1844.328855,0.0,0
-300.479053,100,1846.593926,0.0,0
-274.772098,100,1849.365145,0.11668830405894512,0
-291.921405,100,1851.80057,0.03986646969397684,0
-305.467131,100,1854.225863,0.09069000943694003,0
-298.618083,100,1856.548016,0.0,0
-302.889906,100,1858.903793,0.10420877959221626,0
-297.105793,100,1861.334716,0.0,0
-295.274069,100,1863.659458,0.0,0
-296.710408,100,1866.080034,0.0,0
-299.061101,100,1868.518252,0.0,0
-301.281342,100,1870.831654,0.21860508994571917,0
-299.420075,100,1873.249402,0.048678237199289695,0
-299.547323,100,1875.722972,0.0,0
-298.81831,100,1878.213449,0.21992227819219182,1
-307.532336,100,1880.595323,0.0,1
-301.105424,100,1883.021566,0.0,0
-298.20798,100,1885.509044,0.0,0
-299.821547,100,1887.891361,0.0,0
-295.676115,100,1890.330738,0.0,0
-86.354475,40,1891.507265,0.964792449989853,2
-292.59426,100,1894.037594,0.0,0
-288.235845,100,1896.560551,0.0,0
-298.459958,100,1899.140329,0.0,0
-297.92113,100,1901.406977,0.15731082588354403,0
-298.327404,100,1903.822684,0.0,0
-296.531796,100,1922.508695,0.24870151777184396,0
-34.04522,16,1922.992961,0.8743786156449154,0
-291.379611,100,1925.520829,0.0,0
-292.240713,100,1928.042853,0.042716786958270636,0
-296.067035,100,1930.538399,0.0,0
-296.757658,100,1932.979309,0.0,0
-296.629267,100,1935.472446,0.05815275792445248,0
-298.52688,100,1937.962972,0.05762116946929866,4
-122.320185,56,1939.693051,0.8392820293077544,0
-41.510538,18,1940.159183,0.8217077109093838,1
-292.918542,100,1942.643026,0.064807018951938,0
-296.855124,100,1945.181096,0.0,1
-295.126715,100,1947.619803,0.0,0
-292.475752,100,1950.087057,0.0,0
-293.953355,100,1952.575101,0.0,0
-291.065871,100,1955.139155,0.19461150840192853,0
-251.049542,100,1957.864135,0.06844077686354459,0
-35.256323,16,1958.245641,1.0106938951251456,0
-295.540811,100,1960.674747,0.12406327213144838,0
-292.642519,100,1963.074339,0.0,0
-298.279567,100,1965.504054,0.0,0
-292.940518,100,1967.935912,0.017584960681914306,0
-302.772405,100,1970.39662,0.0,0
-267.444127,100,1973.310056,0.14551114577765878,0
-295.758485,100,1975.817771,0.0,0
-294.762884,100,1978.340624,0.0,0
-303.691191,100,1980.860212,0.020492136755742626,4
-295.801443,100,1983.326961,0.0,0
-297.234346,100,1985.767104,0.0,0
-147.461032,62,1987.428053,0.8139997834466299,0
-290.120269,100,1989.823475,0.0,0
-287.626969,100,1992.373734,0.04872554647353116,0
-283.465541,100,1995.018983,0.3923305461124024,0
-86.962137,37,1996.029741,0.7612015638650509,2
-290.213948,100,1998.5268,0.0,0
-290.527644,100,2001.263003,0.0,0
-282.654392,100,2003.757698,0.12839488361997797,0
-288.451601,100,2006.264267,0.03656501922312936,0
-294.318107,100,2008.832087,0.0,0
-306.121595,100,2011.499917,0.0,0
-174.077547,63,2012.99866,0.9782371113775945,0
-313.422533,100,2015.53066,0.13314863687204367,1
-314.000888,100,2018.066638,0.0,0
-312.03963,100,2020.471299,0.0,0
-288.521106,100,2023.000722,0.02124614327042897,0
-304.065725,100,2025.472205,0.0,1
-288.440121,100,2027.972668,0.0,0
-291.059874,100,2030.437466,0.13704733403641342,0
-79.298534,34,2031.515067,0.7875530749262241,3
-278.48001,100,2034.315269,0.04303014012485538,2
-279.372761,100,2037.00226,0.2058575123850383,0
-289.02796,100,2039.665593,0.1488292396993254,1
-314.095439,100,2042.101933,0.0,1
-292.366549,100,2044.657966,0.00630085908760417,0
-44.405606,18,2045.136801,0.7539158408183847,0
-81.695097,38,2046.117078,0.9958621294043335,3
-46.046113,20,2046.669635,0.7732069593350395,1
-296.989017,100,2067.230797,0.0,0
-304.938553,100,2069.836871,0.0,1
-283.174243,100,2072.47263,0.10592548622555316,0
-313.841492,100,2075.062449,0.057986491300193975,9
-300.426966,100,2077.585699,0.0,0
-261.309908,100,2080.349747,0.15219130658078758,1
-124.256776,58,2082.13307,0.9409028794359185,0
-38.469281,18,2082.610585,0.7712598904548784,0
-282.515226,100,2085.536188,0.1939514590923099,0
-74.680741,32,2086.455289,0.9084750613733301,2
-292.956123,100,2089.145734,0.021424542596526545,0
-289.931852,100,2091.892436,0.05658812614392745,0
-285.041367,100,2094.527963,0.02772006540971387,0
-36.823557,16,2094.998484,0.8651978278501792,0
-293.097834,100,2097.558766,0.07310297944681358,0
-288.325556,100,2100.272721,0.10011304817632835,0
-295.883906,100,2102.995669,0.021721585365325258,2
-289.003703,100,2105.776784,0.04995574778761284,0
-283.172381,100,2108.23654,0.15587319261700905,0
-33.501246,16,2108.644043,1.1143512941707923,0
-285.822773,100,2111.164649,0.07636431046046623,0
-31.495314,15,2111.52804,1.21158046853721,0
-287.793931,100,2114.078326,0.02676418387585316,0
-290.691128,100,2116.581112,0.0,0
-249.194321,100,2119.302105,0.797973506078789,0
-289.617276,100,2121.88007,0.008313769529237503,0
-112.252078,47,2123.234229,0.8408093786064448,0
-282.030208,100,2125.8727,0.06107344925555282,0
-286.638287,100,2128.339487,0.03444222875313226,0
-287.737436,100,2130.915419,0.018398912261449685,0
-273.649772,100,2133.53006,0.0,0
-287.770681,100,2136.10197,0.0,0
-312.443231,100,2138.534321,0.0,0
-283.841141,100,2141.086315,0.05862135404230444,0
-280.020475,100,2143.737579,0.10010532215905908,0
-83.620665,36,2144.817611,0.8140420455707457,2
-43.001039,18,2145.274287,0.8065523588405019,0
-286.581562,100,2147.976044,0.0025578644741569767,0
-281.968569,100,2150.52504,0.11883650387985419,0
-78.12758,33,2151.431932,0.8396686348457245,3
-314.356477,100,2153.899764,0.0,0
-275.762045,100,2156.477019,0.4612745515436946,0
-283.78557,100,2159.026956,0.0737064221113962,0
-252.31051,100,2161.725055,0.29913695133763074,0
-253.349654,100,2164.311093,0.17279124867846513,0
-311.918776,100,2166.932062,0.0,0
-284.434034,100,2169.607273,0.030646483380772565,0
-280.554956,100,2172.221232,0.14012602555528367,0
-309.511997,100,2174.833211,0.0,0
-278.532859,100,2177.450171,0.1335102056429171,0
-284.097562,100,2179.996887,0.0788517345318038,0
-285.643724,100,2182.570694,0.07030070616471934,0
-290.619962,100,2185.244858,0.0873987375514813,0
-284.631696,100,2187.849236,0.0415431245908023,0
-286.737609,100,2190.53781,0.06307531940055992,0
-58.088285,28,2191.3217,0.9112696102840343,2
-275.4219,100,2193.781771,0.23822784061065877,0
-313.946698,100,2196.323724,0.0,0
-274.868184,100,2213.797262,0.5154110794325558,0
-313.410588,100,2216.338233,0.0,0
-313.872567,100,2218.894967,0.0,0
-284.511393,100,2221.450991,0.31542850900511543,0
-285.417193,100,2224.173239,0.06300814610899015,0
-313.181787,100,2226.548524,0.0,0
-54.945666,22,2227.183536,0.7800207778627148,3
-283.846354,100,2229.860276,0.005501326904814954,0
-251.031855,100,2232.651273,0.6244396694797552,0
-286.425847,100,2235.333845,0.0,0
-304.520703,100,2237.816405,0.0,0
-283.015413,100,2240.394798,0.11237268406459461,0
-52.966008,21,2241.018766,0.7503866212881274,0
-285.237143,100,2243.482551,0.07889588907078711,0
-309.523282,100,2246.042259,0.0,0
-278.137448,100,2248.829837,0.06228356896262569,3
-278.960796,100,2251.428728,0.21237849507193798,0
-285.796591,100,2254.010627,0.03567339982093499,0
-280.18538,100,2256.624302,0.07580396722580204,0
-286.794763,100,2259.244834,0.06659982853382239,0
-286.969979,100,2261.894989,0.032946461429997374,0
-286.076722,100,2264.510841,0.0,0
-308.534378,100,2266.941544,0.0,0
-310.554276,100,2269.391426,0.0,0
-313.094066,100,2271.83547,0.0,0
-283.839662,100,2274.478924,0.0,0
-313.200693,100,2276.960087,0.0,0
-301.685238,100,2279.468661,0.5000003326087173,0
-312.440571,100,2281.927508,0.0,0
-284.062614,100,2284.473949,0.0,0
-310.829281,100,2286.995486,0.0,0
-285.176716,100,2289.650919,0.0586080570428514,0
-312.51758,100,2292.066516,0.0,0
-283.436114,100,2294.636806,0.10292484059739695,0
-248.388431,100,2297.273885,0.3801865295728566,2
-284.905493,100,2300.012146,0.08271123907552025,0
-276.379759,100,2302.585783,0.47697919881944406,0
-313.94129,100,2305.152513,0.0,0
-43.868478,20,2305.713478,0.7615637655765094,0
-282.490784,100,2308.434539,0.04052383049156326,0
-285.439566,100,2311.032126,0.13099964179039283,0
-292.352729,100,2313.519661,1.0872295574521258,0
-287.025818,100,2316.311692,0.07460859997372274,0
-278.730736,100,2318.904505,0.12755455004020025,0
-276.34927,100,2321.52982,0.2277889812227783,0
-280.308621,100,2323.975285,0.3519298260137091,0
-276.662323,100,2326.507066,0.32708099960265025,0
-181.555581,74,2328.605412,0.8202087705612696,2
-311.64712,100,2331.142792,0.0,0
-311.669611,100,2333.536559,0.0,0
-282.622632,100,2336.166305,0.059857195028750275,0
-287.726669,100,2338.737228,0.0,0
-277.741082,100,2341.357257,0.13630942057837928,0
-164.605332,63,2360.341944,2.0903311161760145,0
-285.286124,100,2362.931353,0.09197020117344985,0
-314.019272,100,2365.506519,0.0,0
-314.479556,100,2368.157919,0.0,0
-282.151151,100,2370.951782,0.07322304662229866,0
-276.655729,100,2373.504892,0.336784814866905,0
-283.439224,100,2376.043931,0.0,0
-304.962609,100,2378.547255,0.0,0
-282.227696,100,2381.185184,0.047385377235378424,0
-289.775045,100,2383.798132,0.0,0
-296.472637,100,2386.29874,0.0,2
-283.87,100,2389.241833,0.009036263229769982,0
-287.635821,100,2392.130216,0.0011365690827784603,0
-283.958653,100,2394.728837,0.041004789187858444,0
-290.630982,100,2397.260275,0.0,0
-308.358287,100,2399.765124,0.0,0
-46.421931,20,2400.28635,0.7510655987415262,0
-285.702147,100,2402.954191,0.0,0
-280.993482,100,2405.51329,0.11000011610557564,0
-289.055607,100,2408.040003,0.10553493573363634,0
-239.220247,100,2411.043488,0.6542790940572313,0
-285.701907,100,2413.683631,0.0,0
-284.545008,100,2416.270761,0.13980619115487086,0
-249.951996,100,2419.051253,0.4908591150406861,1
-281.644899,100,2421.517264,0.1378028928713611,0
-278.131212,100,2424.051539,0.1422558350158064,0
-284.523161,100,2426.55622,0.04112853764656812,0
-44.487911,20,2427.055834,0.7548197694778839,0
-270.776789,100,2429.917558,0.0016179282567436528,0
-311.213107,100,2432.452343,0.0,0
-286.013998,100,2434.994898,0.0,0
-284.011807,100,2437.537002,0.0,0
-309.558251,100,2440.113937,0.0,0
-280.779631,100,2442.720576,0.1797886191347082,0
-308.495173,100,2445.156377,0.0,0
-298.790778,100,2447.742152,0.0,0
-103.467769,48,2449.164392,0.9443899337922917,2
-285.838611,100,2451.746121,0.016259675764399687,0
-84.063179,35,2452.673528,0.7537650375174267,3
-264.122723,100,2455.329546,0.44771199461845124,1
-286.636537,100,2457.86227,0.03736910486260604,0
-43.59049,19,2458.363892,0.7548669189939601,0
-257.186462,100,2461.202735,0.5286209176463565,0
-282.786686,100,2463.719253,0.0,0
-285.377432,100,2466.237188,0.037781728962961454,0
-289.06214,100,2468.90587,0.0,0
-258.23428,100,2471.499923,0.5506137072312682,0
-280.813877,100,2474.1534,0.0,0
-286.034531,100,2476.721827,0.0,0
-286.905236,100,2479.330975,0.0,0
-282.3544,100,2481.964411,0.04060282240839574,0
-286.675982,100,2484.53877,0.07072847841898539,0
-311.718176,100,2487.041112,0.0,0
-266.19164,100,2489.885824,0.8663214083059874,0
-146.754806,56,2507.972965,1.1380057610967063,0
-58.597243,23,2508.566391,0.7512215506378219,2
-285.580516,100,2511.337274,0.01365425935609997,0
-283.98892,100,2514.130362,0.0,0
-56.772766,22,2514.698658,0.7504298721209735,1
-73.557345,32,2515.542085,0.7520716905213596,0
-275.382384,100,2518.183476,0.0,0
-287.173105,100,2520.781257,0.053879464279998755,0
-50.84874,21,2521.340786,0.7520293048137746,2
-287.39669,100,2523.954123,0.05489104354336691,0
-283.050364,100,2526.511398,0.17547844013393515,0
-281.961542,100,2529.127641,0.08793252165176518,0
-258.512286,100,2531.7017,0.4081167173996398,0
-281.762959,100,2534.328123,0.0,0
-266.670194,100,2537.25984,0.21059110080328908,1
-50.838223,21,2537.818077,0.7500742849993578,1
-281.051727,100,2540.441301,0.0,0
-289.100699,100,2543.034232,0.027289992624288027,0
-278.468865,100,2545.637906,0.0,0
-287.284238,100,2548.095896,0.15666890296954605,0
-276.762894,100,2550.865752,0.0,0
-284.301802,100,2553.471718,0.09257062679007247,0
-33.882101,15,2553.887151,0.9320171831699394,0
-42.958338,19,2554.443874,0.7960523658255941,0
-265.521152,100,2557.12958,0.347609712389513,0
-285.404588,100,2559.651678,0.042499800911342686,0
-281.186074,100,2562.277452,0.0,0
-41.93857,20,2562.771129,0.7770771190317219,0
-308.277018,100,2565.24165,0.05515529793676596,0
-268.462615,100,2567.855863,0.2859678020024509,0
-272.65863,100,2570.586905,0.2131056683008927,3
-281.673674,100,2573.059852,0.13691117894373947,0
-310.992447,100,2575.506345,0.0,0
-290.202877,100,2578.027585,0.0855067992531139,0
-282.98831,100,2580.805835,0.0034061201704995614,0
-43.31606,19,2581.306836,0.7531290817870191,0
-260.722263,100,2583.852803,0.4913685635869943,0
-273.282024,100,2586.651587,0.09987488002011495,0
-284.601637,100,2589.229495,0.07434038072443397,0
-55.101746,25,2589.92674,0.9551378684587247,5
-288.990646,100,2592.506774,0.00032949003805653464,0
-38.215887,18,2592.954982,0.9065046549828164,0
-307.236919,100,2595.363389,0.0,0
-313.427758,100,2597.96428,0.0,0
-55.227788,23,2598.562847,0.7505260574472967,2
-310.976223,100,2601.022011,0.0,0
-284.365071,100,2603.589089,0.09556854480661651,0
-103.722312,45,2604.902723,0.8032155400262856,0
-263.6815,100,2607.66742,0.48743038668783306,1
-279.268799,100,2610.295833,0.0,0
-267.599798,100,2612.984779,0.19430295737332207,0
-35.951496,17,2613.466126,0.8878601969716905,0
-280.199382,100,2616.169176,0.04462204991093081,0
-281.369497,100,2618.95438,0.029323903739702686,3
-289.005645,100,2621.576543,0.11143064544368624,0
-289.450338,100,2624.185818,0.0,0
-289.621101,100,2626.7292,0.0,0
-283.326056,100,2629.341779,0.0,0
-286.830916,100,2631.825787,0.0,0
-279.726535,100,2634.458069,0.0,0
-38.707217,19,2634.952679,0.8064383462349443,0
-313.252362,100,2637.399386,0.0,0
-151.444455,58,2654.859761,2.105181548487011,2
-54.473142,24,2655.550928,0.7536162694201175,3
-306.454324,100,2657.93233,0.0,0
-86.526432,36,2658.996566,0.8600698615093898,4
-258.445596,100,2661.971334,0.6189581560974587,0
-284.253792,100,2664.524824,0.0,0
-281.083506,100,2667.032518,0.0,0
-289.658333,100,2669.662336,0.0,0
-290.294786,100,2672.32504,0.0,0
-308.590514,100,2674.869782,0.0,0
-303.82324,100,2677.366863,0.0,0
-285.186741,100,2679.863777,0.0,0
-39.661846,19,2680.374574,0.8307448555124526,0
-36.415311,18,2680.819393,0.893962737417502,0
-288.555836,100,2683.338487,0.0,0
-307.848651,100,2685.721312,0.09821400740977516,0
-286.569756,100,2688.2458,0.11473145258362136,0
-44.189198,19,2688.720477,0.7508868600084023,2
-307.082284,100,2691.230397,0.04530930439071151,0
-57.819219,24,2691.858723,0.7528046282339029,2
-271.578357,100,2694.797716,0.4759832400134637,3
-40.241995,19,2695.324719,0.8026193854444392,1
-39.50344,19,2695.833196,0.8612151753274206,0
-43.547532,20,2696.380754,0.7523564237366636,1
-306.297834,100,2698.722696,0.0,0
-284.762604,100,2701.230531,0.0,0
-284.930735,100,2703.795554,0.0935755101145086,0
-281.828895,100,2706.402486,0.0,0
-289.187284,100,2708.845586,0.0,0
-274.92217,100,2711.623158,0.09602414189954965,0
-289.776727,100,2714.165619,0.0,0
-43.966217,18,2714.636105,0.8013586984427161,1
-308.004684,100,2717.145444,0.0,0
-306.53803,100,2719.575067,0.4237511575313291,0
-34.417135,17,2720.065392,0.7806353985353013,0
-38.620235,18,2720.520202,0.9627049207747004,1
-36.28279,17,2720.923525,0.9524639831263093,1
-308.809779,100,2723.355778,0.0,0
-38.734895,18,2723.80247,0.8319364496967567,0
-36.002933,17,2724.226979,1.1496993863604243,0
-283.171499,100,2726.852675,0.6169021836896542,0
-306.498342,100,2729.283745,0.0,0
-87.921901,36,2730.194668,0.898194211649181,2
-37.860217,18,2730.676431,0.9232947516349312,0
-305.582745,100,2733.171137,0.0,0
-36.176597,18,2733.665324,0.8815877532163621,0
-291.46226,100,2736.230253,0.0,0
-283.983042,100,2738.646546,0.9780740298283784,1
-281.132322,100,2741.117517,0.4736119926220084,2
-46.633288,22,2741.768132,0.876785232065148,2
-289.980249,100,2744.345458,0.0,0
-308.405092,100,2746.821379,0.0,0
-310.487879,100,2749.299117,0.11071916575793177,0
-309.003467,100,2751.802167,0.0,0
-308.916851,100,2754.264895,0.0,0
-42.863745,21,2754.834752,0.8985445082453446,2
-280.256954,100,2757.402749,0.0,0
-294.589686,100,2759.969165,0.0,0
-274.794547,100,2762.781021,0.1198794944925427,2
-288.204625,100,2765.307013,0.0,0
-273.93566,100,2768.050445,0.11366371583564604,2
-306.086646,100,2770.456596,0.031968791043478446,0
-292.680883,100,2773.072356,0.0,0
-294.126761,100,2775.565221,0.1046940906546402,0
-38.234422,21,2776.209244,1.0337608090541335,2
-257.561194,90,2778.438296,1.0859957594590266,0
-308.882347,100,2781.103582,0.0,0
-44.371775,21,2781.697633,0.7796145321684976,0
-250.850823,85,2800.288018,1.1346511077208483,0
-288.725172,100,2802.939474,0.0,0
-312.561025,100,2805.375004,0.0,0
-288.860926,100,2807.898043,0.0,0
-50.82581,26,2808.546713,0.9232402123072917,3
-42.160853,20,2809.089461,0.8313460076768774,0
-45.981559,20,2809.66951,0.7503716438487175,0
-289.4686,100,2812.344365,0.0,0
-304.932075,100,2814.742566,0.07813987067615039,0
-66.621946,27,2815.534941,0.8418508399260924,4
-293.298899,100,2818.00936,0.0,0
-306.122211,100,2820.493623,0.0,0
-38.980296,19,2821.036066,0.8921237407781962,1
-289.341961,100,2823.630449,0.0,0
-301.668543,100,2826.151674,0.0,0
-292.753977,100,2828.820839,0.0,0
-287.139798,100,2831.405265,0.0,0
-292.952519,100,2833.940816,0.0,0
-41.266332,19,2834.434876,0.851582832537792,1
-302.103906,100,2836.88248,0.007815498320013098,0
-54.421795,25,2837.519223,0.7539809524892301,2
-276.012697,100,2840.3115,0.07084927871086809,3
-303.779353,100,2842.777102,0.0,0
-286.847617,100,2845.327609,0.13540040752466453,0
-55.624997,22,2845.944124,0.9013538909910878,3
-292.899032,100,2848.529167,0.0,0
-293.407301,100,2851.18415,0.0,0
-297.009471,100,2853.646852,0.0,0
-304.700325,100,2856.071785,0.1549937436852511,0
-301.184884,100,2858.404001,0.33314152736274133,0
-286.315623,100,2860.87157,0.0,0
-42.510239,20,2861.384847,0.7900748305266845,2
-37.798848,17,2861.817714,0.757378558628678,2
-292.291175,100,2864.461823,0.0,0
-308.478536,100,2866.840372,0.0,0
-277.258208,100,2869.419278,0.0,0
-308.013609,100,2871.782152,0.04305291219350128,0
-292.762271,100,2874.388925,0.0,0
-45.482118,22,2874.965189,0.7619974099523571,0
-304.245207,100,2877.398395,0.0,0
-293.036573,100,2879.846924,0.0,0
-43.863275,21,2880.451307,0.864679725101046,0
-305.210252,100,2882.815625,0.0,0
-39.613142,18,2883.34457,1.1490402157104458,0
-293.115435,100,2885.811841,0.0,0
-265.017553,100,2888.344909,0.0,0
-256.721746,94,2890.883015,0.7512144748940668,2
-279.230872,100,2893.703286,0.008568882458749814,3
-308.21891,100,2896.098696,0.0,0
-309.485443,100,2898.564267,0.0,0
-260.485851,100,2901.400247,0.5164864603751246,0
-303.276467,100,2903.867113,0.07665674669184668,0
-288.700151,100,2906.356019,0.0,0
-305.585855,100,2908.84408,0.12795794468456545,0
-291.088175,100,2911.466538,0.0,0
-57.456794,28,2912.203554,0.8806957586913542,4
-295.101777,100,2914.754102,0.0,0
-305.720824,100,2917.188283,0.0,0
-302.616486,100,2919.660341,0.0,0
-38.05401,20,2920.250482,0.8804173507697515,0
-298.456976,100,2922.774558,0.0,0
-34.446683,18,2923.241565,0.867296833183034,0
-293.366652,100,2942.269169,0.0,0
-302.81393,100,2944.730855,0.057433021922625116,0
-41.854055,21,2945.254501,0.7609251868036025,3
-290.617745,100,2947.953998,0.10941740797106159,0
-285.47757,100,2950.582116,0.1518923798263755,0
-305.473317,100,2953.041148,0.1561664169368503,0
-299.971337,100,2955.544284,0.0,0
-298.586602,100,2957.921531,0.0680918739537379,0
-294.807268,100,2960.403173,0.0,0
-292.519237,100,2963.00483,0.0,0
-292.991076,100,2965.614858,0.0,0
-289.724018,100,2968.195995,0.0,0
-294.188121,100,2970.602061,0.0,0
-53.112683,22,2971.204348,0.7513147749606031,1
-296.224202,100,2973.699942,0.0,0
-58.432672,22,2974.313388,0.7534077769505763,0
-291.919577,100,2976.746507,0.0,0
-303.50129,100,2979.303558,0.025184318307261627,0
-280.948428,100,2981.96729,0.0,2
-306.527105,100,2984.410422,0.1359836118380944,0
-296.031802,100,2986.887059,0.0,0
-45.194208,23,2987.48364,0.8575162318632616,1
-53.38539,22,2988.125027,0.8835980387964766,3
-283.06244,100,2990.682201,0.2699947666328319,0
-297.504858,100,2993.091061,0.14024147584605245,0
-308.213297,100,2995.701621,0.0,0
-293.815806,100,2998.296587,0.0,0
-295.812544,100,3000.880213,0.0,0
-303.693825,100,3003.160275,0.04466110620787145,0
-297.628648,100,3005.975656,0.0,0
-300.277015,100,3008.547266,0.013973923124101425,0
-305.425264,100,3011.084162,0.03468331851579352,0
-273.898923,100,3013.755117,0.0,3
-287.893168,100,3016.259291,0.0,0
-283.236041,100,3018.946744,0.0,0
-255.616445,92,3021.276538,1.0218650731645382,0
-306.257024,100,3023.741633,0.03509607045211081,0
-288.206842,100,3026.259175,0.0,0
-308.360284,100,3028.804984,0.028998941549827965,0
-302.248845,100,3031.321118,0.3259751618335133,0
-129.884203,53,3032.60152,0.8724615839066172,1
-284.448702,100,3035.178581,0.0,0
-299.570455,100,3037.574679,0.0,0
-271.604094,100,3040.384663,0.5570908582064973,1
-44.154138,20,3040.867727,0.9898509576742198,2
-293.83547,100,3043.355891,0.0,0
-289.26962,100,3045.887736,0.0,0
-292.720326,100,3048.454603,0.01617221953737307,0
-36.635539,18,3048.900193,0.7716053120127949,0
-284.837283,100,3051.467693,0.0724253558311803,2
-291.38594,100,3054.021715,0.0,0
-291.267433,100,3056.546628,0.05965693228261812,0
-304.222937,100,3059.014603,0.0,0
-292.884406,100,3061.53156,0.0,0
-293.927875,100,3064.089263,0.0,0
-52.686204,23,3064.669354,0.7507549389660023,1
-277.21698,100,3067.337964,0.0,0
-284.19591,100,3086.084948,1.3785089390300467,0
-297.123396,100,3088.55923,0.0,0
-296.685519,100,3091.133258,0.0,0
-296.741928,100,3093.611861,0.0,0
-300.66966,100,3096.098411,0.2265397722932189,0
-299.666924,100,3098.73646,0.0,0
-278.421355,100,3101.396979,0.0,3
-301.275761,100,3103.825867,0.0,0
-296.691233,100,3106.435122,0.0,0
-298.940539,100,3108.793905,0.0,0
-293.848755,100,3111.177617,0.0,0
-265.840496,100,3113.693308,0.0,0
-300.730286,100,3116.203133,0.0,0
-298.265582,100,3118.707085,0.0,0
-40.547029,18,3119.230039,0.9462512531339482,0
-79.464546,29,3120.049083,0.7580708024201122,3
-292.929353,100,3122.555106,0.0,0
-35.360522,17,3122.990647,0.8624956507646677,1
-40.134095,19,3123.476229,0.8985465272035925,3
-307.576994,100,3126.046357,0.0,0
-183.496706,70,3127.772256,0.7500112903101065,0
-296.516054,100,3130.274221,0.0,0
-301.721602,100,3132.758264,0.0,0
-42.325993,21,3133.291703,0.9292537772330984,2
-292.668724,100,3135.776947,0.0,0
-96.876699,43,3136.870498,1.100436255499663,3
-37.60623,18,3137.319683,0.9721977158955689,1
-295.530659,100,3139.761838,0.0,0
-302.444017,100,3142.275752,0.0,0
-300.99062,100,3144.798645,0.0,0
-300.684435,100,3147.072264,0.0,0
-64.828855,26,3147.803785,0.7509484812255867,3
-298.788582,100,3150.36363,0.0,0
-301.575588,100,3152.86453,0.0,0
-299.609777,100,3155.267068,0.0,0
-45.851796,20,3155.820911,0.7870824653095977,2
-43.812925,21,3156.380924,0.8396643210177847,3
-292.657718,100,3158.785491,0.0,0
-295.101553,100,3161.337542,0.0,0
-306.713918,100,3163.742869,0.0,0
-299.617019,100,3166.150144,0.0,0
-301.061271,100,3168.704959,0.0,0
-294.323873,100,3171.257248,0.0,0
-297.067191,100,3173.684561,0.0,0
-291.232975,100,3176.214272,0.0,0
-296.733811,100,3178.727669,0.0,0
-99.882165,41,3179.710597,0.9114317277852635,1
-42.645277,21,3180.234197,0.9382988784859491,0
-301.675056,100,3182.730558,0.0,0
-36.156487,17,3183.145446,0.9355875155369844,0
-278.914322,100,3185.707002,0.0,0
-298.293767,100,3188.140877,0.0,0
-304.542342,100,3190.604593,0.010017718795327944,0
-291.420385,100,3192.948706,0.0,0
-291.449713,100,3195.539959,0.0,0
-298.326287,100,3198.020817,0.0,0
-299.34716,100,3200.522701,0.0,0
-296.864548,100,3203.008566,0.0,0
-44.3345,21,3203.566953,0.9259174777776481,3
-295.103569,100,3206.044488,0.0,3
-302.372951,100,3208.480995,0.0,0
-273.133072,100,3227.850008,0.0,0
-38.874885,18,3228.281506,1.0797468236898287,2
-299.362403,100,3230.759607,0.0,0
-103.788459,45,3231.869049,1.003629545686791,0
-68.094616,27,3232.669509,0.7503173596501114,4
-37.366282,19,3233.211177,1.0352253659902675,2
-298.93064,100,3235.644059,0.08476889215643806,0
-301.358989,100,3238.110978,0.0,0
-303.036639,100,3240.602234,0.0,0
-300.355065,100,3243.123585,0.0,0
-301.191877,100,3245.464219,0.0,0
-37.717638,18,3245.933678,0.8474999346035847,2
-50.962581,21,3246.518127,0.7535758554247194,0
-297.893068,100,3248.896568,0.0,0
-300.268855,100,3251.369053,0.0,0
-302.579317,100,3253.753257,0.1018343070785394,0
-45.20032,20,3254.260414,0.8956773319867284,3
-302.606712,100,3256.79375,0.0,0
-39.166509,18,3257.249538,0.7520124382234655,0
-35.745997,17,3257.666994,0.9242007848816723,0
-298.8795,100,3260.153854,0.0,0
-295.542512,100,3262.598406,0.0,0
-298.716638,100,3265.045503,0.0,0
-305.840623,100,3267.536777,0.0,0
-39.497094,18,3267.995459,0.8573483292414044,2
-303.821474,100,3270.448316,0.0,0
-302.135322,100,3272.930515,0.0,0
-299.958361,100,3275.289411,0.0,0
-298.275345,100,3277.773812,0.0,0
-45.797394,21,3278.328323,0.8516918716473214,0
-299.341145,100,3280.773817,0.0,0
-36.305597,17,3281.196398,0.8080467380963483,0
-297.924809,100,3283.700701,0.0,0
-257.712082,100,3286.032977,0.8052550841158743,0
-302.956542,100,3288.452277,0.0,0
-297.206905,100,3290.932682,0.0,0
-298.477667,100,3293.370454,0.0,0
-298.511657,100,3295.886447,0.0,0
-302.855458,100,3298.293349,0.0,0
-299.029854,100,3300.776611,0.0,0
-53.476411,24,3301.383768,1.0016166791822172,4
-298.155466,100,3303.873113,0.0,0
-276.391047,100,3306.548586,0.5095633458239862,0
-46.948447,20,3307.103092,0.7507773320803841,0
-298.676898,100,3309.444852,0.0,0
-30.84331,16,3309.87735,0.9015535324933909,0
-299.944785,100,3312.347958,0.0,0
-302.704113,100,3314.721165,0.0,0
-299.41968,100,3317.026042,0.0,0
-302.757765,100,3319.527662,0.0,0
-40.499699,19,3320.042183,0.8584804869610132,0
-300.814082,100,3322.616187,0.0,0
-41.123885,19,3323.097613,0.8255636773879691,0
-299.961037,100,3325.644226,0.0,0
-43.321958,19,3326.16016,1.0867157527025277,0
-40.126029,20,3326.685324,1.0337080706148967,2
-276.805195,100,3329.381428,0.2381039446157226,2
-300.502977,100,3331.90387,0.0,0
-300.260604,100,3334.40482,0.0,0
-297.665886,100,3336.784246,0.0,0
-296.984506,100,3339.342403,0.0,0
-52.413466,21,3339.869899,0.7501479604961885,2
-303.192796,100,3342.263796,0.0,0
-304.153373,100,3344.661549,0.0,0
-43.329296,20,3345.206618,0.8444166510252824,2
-302.389134,100,3347.570313,0.0,0
-302.031005,100,3349.975062,0.0,0
-305.965687,100,3368.14439,0.0,0
-303.07416,100,3370.593675,0.0,0
-34.731782,16,3370.996893,1.0804719927896878,0
-300.196037,100,3373.500281,0.0,0
-302.20582,100,3375.925325,0.0,0
-42.882275,22,3376.537015,1.0239696449138689,3
-303.703914,100,3379.079739,0.0,0
-305.1689,100,3381.55216,0.0,0
-32.264598,15,3381.936677,0.9013694641862188,0
-304.044792,100,3384.346165,0.0,0
-304.449148,100,3386.63529,0.0,0
-303.233188,100,3389.088734,0.0,0
-304.04867,100,3391.591487,0.0,0
-302.185973,100,3394.042312,0.0,0
-44.189765,17,3394.542208,0.7529127534613024,0
-47.566577,21,3395.057835,0.8641421695922544,1
-43.960136,20,3395.582065,0.8846194836273424,2
-39.811568,18,3396.022053,1.0238047664299728,1
-39.854048,17,3396.46123,0.7634431393173327,2
-36.449875,17,3396.920544,0.8105068659918925,1
-303.87283,100,3399.355953,0.0,0
-39.259294,18,3399.807807,0.923417550742204,0
-304.518935,100,3402.356426,0.0,0
-300.912076,100,3404.80556,0.0,0
-45.999815,21,3405.346818,0.944343831436554,3
-301.601242,100,3407.826858,0.0,0
-307.229524,100,3410.24491,0.0,0
-42.015584,20,3410.820666,0.9946080967075244,0
-48.558821,22,3411.378259,0.8243851964993792,4
-304.710687,100,3413.66013,0.0,0
-300.869152,100,3416.155904,0.0,0
-36.331278,16,3416.559977,0.8549267462779274,0
-303.138109,100,3419.062312,0.0,0
-300.215387,100,3421.343109,0.0,0
-302.256742,100,3423.826047,0.0,0
-286.779374,100,3426.428732,0.0,2
-81.269637,34,3427.23888,1.029142806562936,0
-302.877808,100,3429.694907,0.0,0
-300.744243,100,3432.036327,0.0,0
-35.664636,16,3432.41527,0.8368157935583701,0
-304.684188,100,3434.791865,0.0,0
-307.657796,100,3437.158074,0.0,0
-305.65172,100,3439.500633,0.0,0
-44.179959,18,3439.944336,0.7509692404559651,1
-300.148623,100,3442.406564,0.0,0
-293.894015,100,3444.918221,0.0,0
-297.541552,100,3447.400959,0.0,0
-301.529987,100,3449.862963,0.0,0
-299.755937,100,3452.520276,0.0,2
-50.60406,21,3453.047064,1.105337588239307,3
-300.484989,100,3455.405864,0.0,0
-33.588662,16,3455.811509,1.1389502263854525,0
-261.391704,100,3458.433228,0.48942390697171706,0
-290.213067,100,3460.877491,0.5352416758233974,0
-219.831749,100,3463.281698,1.1139038213120513,0
-36.468402,17,3463.72,0.8417270514773828,0
-293.361124,100,3466.225302,0.0,0
-44.392782,20,3466.792387,0.7672144792683749,0
-287.434698,100,3469.3626,0.0,0
-307.932045,100,3471.787951,0.0,0
-39.633188,19,3472.230945,1.0716007006805883,1
-33.243405,17,3472.65343,0.9027128774376687,1
-300.132008,100,3475.173998,0.0,0
-38.628088,19,3475.63081,0.8988661081782408,2
-302.003214,100,3478.091504,0.0,0
-296.447665,100,3480.542584,0.0,0
-37.977205,18,3481.047003,0.8562705346553892,1
-304.366525,100,3483.39925,0.0,0
-298.528311,100,3485.877951,0.0,0
-307.163473,100,3488.356289,0.0,0
-314.521157,100,3506.168669,0.0,0
-309.903002,100,3508.446567,0.0,0
-39.283013,18,3508.941161,0.7931287223184678,2
-301.00983,100,3511.481173,0.0,0
-301.260697,100,3513.912078,0.0,0
-299.286526,100,3516.176661,0.0,0
-42.006775,18,3516.678167,0.9876356298076694,2
-40.078055,18,3517.130547,0.9934065938355932,1
-51.018721,21,3517.658628,0.7506560993156892,0
-297.741243,100,3520.092415,0.0,0
-304.105243,100,3522.468482,0.0,0
-285.861102,100,3524.914071,0.0,0
-251.123396,100,3527.746921,0.7091449979719474,3
-298.421857,100,3530.132574,0.0,0
-40.63508,18,3530.585923,0.833474498182823,1
-296.426757,100,3532.861574,0.0,0
-92.992107,40,3533.859861,1.1158462881229518,2
-302.361614,100,3536.300853,0.0,0
-299.913783,100,3538.632867,0.0,0
-301.469059,100,3541.07827,0.0,0
-32.928974,15,3541.453093,0.9761395190229095,0
-51.056856,22,3541.975009,0.8808366066084219,3
-280.490421,100,3544.437139,0.0,0
-297.203949,100,3546.921291,0.0,0
-301.540321,100,3549.224648,0.0,0
-302.427095,100,3551.719639,0.0,0
-306.518726,100,3554.069763,0.0,0
-47.914796,22,3554.699623,0.902955788918207,3
-307.643564,100,3557.014981,0.0,0
-304.358673,100,3559.456718,0.0,0
-44.861479,21,3559.988076,1.0772458138399408,2
-305.368637,100,3562.42785,0.0,0
-52.762488,21,3562.965118,0.7885936629724328,3
-46.147423,21,3563.482868,0.8267928509169448,2
-300.982811,100,3565.858503,0.0,0
-297.358085,100,3568.205829,0.0,0
-303.692641,100,3570.666775,0.0,0
-306.261245,100,3573.090614,0.0,0
-41.1042,18,3573.534857,0.8589087923164858,0
-32.487167,15,3573.911379,0.9443684057565801,0
-305.627035,100,3576.345516,0.0,0
-41.650643,18,3576.78478,1.1138476099063392,0
-307.425485,100,3579.171636,0.0,0
-36.349536,17,3579.641543,0.8019798004963431,0
-47.748948,23,3580.22198,0.9648974725846944,2
-303.823975,100,3582.558989,0.0,0
-302.098224,100,3584.873849,0.0,0
-272.594879,100,3587.424214,0.0,0
-49.951745,21,3587.941062,0.8107530374546316,2
-302.565667,100,3590.405241,0.0,0
-37.802217,17,3590.838108,1.105953879104878,0
-260.727087,100,3593.117365,0.11163971054236912,0
-302.781437,100,3595.580238,0.0,0
-39.977634,18,3596.023865,0.8627990124409798,0
-290.784207,100,3598.423004,0.4812377381027083,0
-297.302191,100,3600.920362,0.0,3
-286.681144,100,3603.133057,0.4108368383937828,0
-39.983058,18,3603.672668,1.1279990787070366,1
-304.187837,100,3606.070135,0.0,0
-39.451732,18,3606.546198,0.9887186588471748,1
-39.868644,20,3607.074763,0.9926952836924651,2
-105.738246,42,3608.119889,0.7507444708965296,0
-302.71605,100,3610.557723,0.0,1
-285.117143,100,3612.958295,0.4429565280581509,0
-42.804837,19,3613.419588,0.8168179975871046,1
-304.496205,100,3615.886406,0.0,0
-298.945707,100,3618.258648,0.0,3
-283.905763,100,3620.677486,0.7691314153820159,0
-300.883687,100,3623.026667,0.0,0
-306.269075,100,3625.430885,0.0,0
-31.792859,16,3625.86993,0.9165534990411476,0
-44.191965,19,3626.347805,1.0049795389955898,0
-68.86561,31,3643.294846,1.1013407832047903,3
-39.825269,17,3643.7371,0.9802137191516355,0
-304.788943,100,3646.262763,0.0,0
-302.69393,100,3648.656957,0.0,0
-303.160309,100,3651.255658,0.0,0
-125.228089,50,3652.479023,0.9697831338170078,0
-307.972183,100,3654.941925,0.0,0
-310.486542,100,3657.312184,0.0,0
-36.510221,17,3657.76896,1.0392945417688506,0
-286.906884,100,3660.299028,0.0,3
-275.125423,100,3662.897932,0.4830238850930624,1
-308.974445,100,3665.300236,0.0,0
-294.897931,100,3667.703271,0.0,1
-35.643569,17,3668.183009,0.8901054140343978,1
-306.044391,100,3670.523116,0.0,0
-50.716983,21,3671.057527,0.8694785542730461,3
-33.665468,17,3671.53884,0.8622491954222384,0
-303.520698,100,3673.824669,0.0,0
-306.754589,100,3676.256837,0.0,0
-50.268664,21,3676.80337,0.9952257443332314,3
-294.917215,100,3679.381306,0.0,2
-39.482858,19,3679.858824,0.8659723308261186,1
-307.013641,100,3682.275314,0.0,0
-304.310447,100,3684.684328,0.0,0
-39.894484,18,3685.162328,0.7704489806359548,0
-303.26207,100,3687.496252,0.0,0
-307.368554,100,3689.979597,0.0,0
-303.821536,100,3692.372669,0.0,0
-32.39016,15,3692.738722,1.1217174296376606,0
-306.92842,100,3695.013139,0.0,0
-38.83275,17,3695.512099,1.0318529083828012,0
-36.860015,16,3695.960851,1.0292502525541227,0
-306.643894,100,3698.317928,0.0,0
-297.191583,100,3700.861873,0.0,0
-308.988992,100,3703.185987,0.0,0
-300.646843,100,3705.657681,0.0,0
-45.17383,19,3706.132179,0.7523576548130033,0
-303.350294,100,3708.615294,0.0,0
-300.815894,100,3711.149975,0.0,0
-305.099906,100,3713.552067,0.0,0
-43.859338,18,3714.027109,0.9421643158292565,3
-304.567443,100,3716.450347,0.0,0
-31.466157,15,3716.814775,0.9480697431207007,0
-36.836325,17,3717.232606,0.8352965965535654,0
-39.178027,17,3717.718031,0.933008628124101,0
-271.559007,100,3720.358399,0.45397723621284114,0
-299.170257,100,3722.852477,0.0,0
-302.198216,100,3725.358257,0.0,0
-39.825088,20,3725.915701,1.1512930635589376,2
-37.190717,17,3726.335048,0.8913669556128895,0
-306.772865,100,3728.738123,0.0,0
-305.827427,100,3731.178553,0.0,0
-302.690701,100,3733.53001,0.0,0
-303.098836,100,3735.912932,0.0,0
-50.263215,20,3736.457606,0.8120918337739375,3
-303.579118,100,3738.826602,0.0,0
-303.646122,100,3741.242783,0.0,0
-302.516213,100,3743.721427,0.0,0
-301.03586,100,3746.163879,0.0,0
-305.97003,100,3748.608172,0.0,0
-289.72146,100,3751.098842,0.24269674961730717,0
-32.60983,15,3751.534925,0.960998795304434,0
-35.736545,17,3752.009244,0.8274596800773085,2
-307.065761,100,3754.392636,0.0,0
-43.753641,20,3754.928007,0.9827744031156708,3
-31.119876,15,3755.350922,0.9021527971423405,0
-295.411109,100,3757.839937,0.0,0
-35.795158,17,3758.297171,1.055480194708761,0
-305.28202,100,3760.785582,0.0,0
-52.67697,23,3761.410071,0.9532286314484237,3
-304.323468,100,3763.763612,0.0,0
-306.620581,100,3782.050238,0.0,0
-306.484297,100,3784.512893,0.0,0
-43.051404,20,3785.054254,0.7840192239327244,2
-42.752089,21,3785.626168,0.8289175708159607,2
-292.167308,100,3788.099211,0.2526876514822136,0
-120.345212,52,3789.319937,0.9591656844208503,0
-36.574083,18,3789.78943,0.763859202814364,0
-305.178703,100,3792.307644,0.0,0
-33.161108,16,3792.731747,1.0262700060673489,0
-41.154144,20,3793.230246,0.925840598428435,3
-303.9031,100,3795.753128,0.0,0
-299.50029,100,3798.250504,0.0,3
-42.252102,20,3798.747053,0.8937033016952327,2
-111.489441,42,3799.766634,0.75024344147681,2
-307.20701,100,3802.268736,0.0,0
-305.517617,100,3804.6947,0.0,0
-35.451635,16,3805.092356,1.053325027265702,0
-302.144826,100,3807.507241,0.0,0
-105.690637,43,3808.616885,0.9693883388822082,0
-32.706275,17,3809.041378,0.8836165180094344,0
-32.820084,16,3809.439317,1.0913436702284,0
-50.610087,22,3810.009007,0.8332381023839288,4
-59.183843,23,3810.643443,0.750250557209112,4
-37.317194,17,3811.134729,0.9833067465700966,0
-38.743573,18,3811.634542,1.2678960180663608,0
-280.218284,100,3814.232586,0.0,3
-302.531761,100,3816.657718,0.0,0
-302.382888,100,3819.105856,0.0,0
-36.758705,19,3819.613715,0.7508048794938982,2
-32.39369,15,3820.053273,1.0544441936941937,0
-37.174697,20,3820.618411,0.95016223417435,2
-299.953857,100,3823.097967,0.0,0
-300.095461,100,3825.430226,0.0,0
-39.296588,18,3825.884167,1.0862972784680687,0
-33.98398,17,3826.362023,1.0024109850162024,0
-293.679534,100,3828.803963,0.0,0
-48.004458,23,3829.408402,1.0249276018124698,2
-111.070916,44,3830.571099,0.8225734142445821,0
-257.057969,100,3833.388774,0.4576918586496099,0
-299.69885,100,3835.840549,0.0,0
-257.292299,100,3838.502979,0.3469780866493628,0
-39.615629,19,3839.008863,0.8804807441764742,2
-37.552974,17,3839.499578,1.0021833631564918,0
-37.187632,17,3839.986283,0.9018185964415895,0
-301.543986,100,3842.357297,0.0,0
-34.16511,15,3842.770043,1.002435089959392,0
-93.559579,38,3843.723511,0.9659634787614447,0
-304.541031,100,3846.202739,0.0758872227158528,0
-303.313267,100,3848.454361,0.33753269582398776,0
-298.399899,100,3851.007359,0.0,0
-40.053132,19,3851.506719,0.7721858185078742,1
-299.548532,100,3854.001702,0.0,0
-44.690942,20,3854.520608,0.7795772193816737,2
-292.379569,100,3857.139234,0.0,0
-290.835072,100,3859.716653,0.0,0
-320.531049,100,3862.093183,0.0,0
-89.996527,33,3863.009677,0.7510549360047915,1
-291.35225,100,3865.560896,0.0,0
-296.951274,100,3868.037857,0.0,0
-299.070629,100,3870.528826,0.0,0
-313.081568,100,3872.966135,0.0,0
-287.859445,100,3875.480605,0.21895319136084765,0
-45.382066,20,3876.032158,1.0559926669389625,3
-261.057486,100,3879.181826,0.5609810528422883,2
-298.469102,100,3881.871171,0.0,1
-32.128443,15,3882.263325,1.0037865799780743,0
-265.935151,100,3885.178066,0.34645452253668085,1
-35.71118,15,3885.58107,0.9586900358335817,0
-33.083491,16,3886.026589,0.8937637807080117,0
-260.704523,100,3888.892293,0.5267008333543178,0
-52.968746,25,3889.672126,0.9575748520443234,6
-297.207716,100,3892.010113,0.0,0
-294.593054,100,3894.571308,0.0,0
-292.356648,100,3896.985808,0.04566568569877261,0
-61.890538,25,3897.64193,0.8050218981324488,1
-322.77583,100,3900.388589,0.0,0
-298.231971,100,3905.243314,0.0,0
-34.094916,16,3906.041595,1.2151970552709466,1
-300.424176,100,3910.455882,0.0,0
-33.758237,16,3910.909174,1.0150568524716284,1
-299.533329,100,3913.589772,0.023776770084956562,0
-314.78919,100,3932.892837,0.0,0
-299.679442,100,3935.415804,0.10270014583756813,0
-51.126201,22,3936.005699,0.7502026910277825,3
-295.534125,100,3938.354788,0.10425635516517565,0
-300.53042,100,3940.859065,0.0,0
-91.52719,39,3941.896159,1.007555529089104,3
-298.516859,100,3944.375978,0.0,0
-45.734578,21,3944.969147,0.9293648967082082,2
-302.393968,100,3947.347032,0.0,0
-32.084568,15,3947.75557,0.8938062896768566,0
-280.715608,100,3950.266564,0.05063077316805942,4
-303.645673,100,3952.749595,0.0,0
-299.39997,100,3955.267479,0.0,0
-271.106566,100,3958.159595,0.007299964022978964,3
-294.24321,100,3960.527132,0.056125474493901845,0
-32.802375,16,3960.979311,0.9320192953096826,0
-32.162179,16,3961.440245,1.015545306301642,0
-31.158299,15,3961.863778,1.0366786482192736,0
-298.975343,100,3964.324252,0.0,0
-288.675741,100,3966.905287,0.0,0
-300.723364,100,3969.412292,0.0,0
-43.520669,21,3969.96431,0.8793171614348353,2
-302.409725,100,3972.400573,0.08040303341633054,0
-38.116178,17,3972.831775,1.0322861202903244,0
-49.98276,21,3973.524562,0.8205020562988441,3
-72.559028,31,3974.413037,1.0468689530854047,1
-43.112442,19,3974.948159,0.8266637059157458,1
-299.568232,100,3977.407084,0.0,0
-320.218269,100,3979.886781,0.0,0
-294.722668,100,3982.329351,0.031120415424125032,0
-92.86347,37,3983.210265,0.7641333253091861,0
-135.517043,54,3984.660801,0.8575892243110003,0
-296.079029,100,3987.252707,0.0,0
-298.122567,100,3989.669944,0.0,0
-293.389055,100,3992.212228,0.0,0
-301.171056,100,3994.687692,0.0945288101743421,0
-303.118621,100,3997.037387,0.057530825029808816,0
-38.257904,18,3997.556784,0.8272573272460221,1
-303.712835,100,3999.934833,0.05126316013138638,0
-251.768684,100,4002.551165,0.4823393574916543,0
-37.548733,16,4002.950609,1.023549122323506,0
-35.823318,17,4003.385352,0.7895418437115211,0
-257.085557,100,4006.218184,0.5031382308388601,0
-30.789577,15,4006.602723,0.9631357293607268,1
-294.478337,100,4009.139588,0.0,0
-299.48697,100,4011.696994,0.0,0
-293.877565,100,4014.092852,0.14469746669654304,0
-244.737923,100,4016.663491,0.5854845565913174,0
-303.555818,100,4019.204051,0.006501484369126044,0
-299.500335,100,4021.792386,0.0,0
-306.006401,100,4024.17246,0.20262535836370674,0
-306.349925,100,4026.719717,0.14926049170057665,0
-318.400474,100,4030.096791,0.0,0
-298.261062,100,4032.668703,0.0,0
-32.69636,15,4033.288787,0.9866405153460205,0
-301.215615,100,4036.006952,0.0,0
-38.45321,17,4036.57958,0.9032111472886101,0
-301.944802,100,4040.03757,0.0,0
-53.400548,26,4040.753044,0.9054518932650217,6
-265.706044,100,4043.696906,0.5937313107470449,0
-297.984688,100,4046.200468,0.0,0
-300.138279,100,4048.702761,0.0,0
-249.050292,100,4051.557388,0.4330848055143271,2
-298.997097,100,4053.979779,0.02887118598777054,0
-247.579475,100,4056.629425,0.475118736397027,0
-260.405761,100,4059.584414,0.2641290827291098,0
-50.464469,22,4060.156773,1.0687720353732268,1
-303.014189,100,4079.497745,0.0,0
-41.512413,18,4080.003054,0.7853781957113145,2
-49.671106,20,4080.527117,0.8856429629894872,2
-302.864347,100,4083.012945,0.0,0
-56.677789,23,4083.645662,1.0131573879318723,2
-37.047842,16,4084.072855,1.0091679951501233,0
-53.142661,21,4084.665362,0.9805679883758806,3
-252.140398,100,4087.529357,0.6260731328143775,0
-49.211746,21,4088.083457,0.7923956900040179,3
-44.314246,20,4088.612215,0.936709319682838,2
-33.482776,15,4089.017313,0.9891234679047386,0
-37.738387,18,4089.568879,0.9385366143820939,3
-299.890429,100,4092.018528,0.0,0
-41.156524,18,4092.519377,0.8685602197366046,2
-47.418908,20,4093.029276,0.7691686121164122,3
-46.656525,21,4093.561343,0.9492783381743747,3
-48.080143,22,4094.109133,0.8587859327089717,0
-39.424085,19,4094.599187,1.0005723079577442,2
-297.059272,100,4097.176953,0.0,0
-304.195729,100,4099.760122,0.0,0
-261.976295,100,4102.617284,0.08527204140247426,0
-298.429494,100,4105.176154,0.0,0
-39.883621,17,4105.632438,0.8742494755798865,0
-300.625664,100,4108.150746,0.0,0
-293.340906,100,4110.642322,0.08951934226954127,0
-33.681228,16,4111.062373,0.956158989135129,0
-50.036698,22,4111.599874,0.7523679898646396,2
-284.536511,100,4114.399929,0.0,0
-279.815856,100,4116.79834,0.0,0
-42.934938,21,4117.337448,0.9156587177193785,3
-298.177327,100,4119.980797,0.0,0
-93.936186,37,4120.917411,0.8542356719718424,0
-49.551168,21,4121.487779,0.7533901868514724,3
-248.142888,100,4124.086601,0.6794462484630401,1
-298.500559,100,4126.516353,0.024444345989731057,0
-37.054594,17,4126.984859,0.9944046535568032,0
-303.442918,100,4129.34203,0.14478836421695976,0
-66.987303,26,4130.097939,0.772144397856665,1
-33.679575,16,4130.517216,0.9787622895917284,2
-302.251532,100,4132.9414,0.0,0
-297.675318,100,4135.403568,0.0,0
-35.293537,16,4135.863067,1.089762722668422,0
-298.006547,100,4138.290635,0.0,0
-89.748278,35,4139.1964,0.9896518629897273,0
-304.068173,100,4141.683845,0.10726904138238962,0
-290.412181,100,4144.176796,0.19821851272899127,0
-45.34436,18,4144.664293,0.7526198383992969,2
-31.621151,15,4145.057497,0.9107263941015223,0
-299.444082,100,4147.519592,0.044439302538174526,0
-297.088153,100,4150.093936,0.0,1
-42.513489,19,4150.590915,0.8006707306644355,0
-301.858956,100,4153.032347,0.0069953556742968675,0
-32.159989,15,4153.417336,0.9581287790830644,0
-80.41648,30,4154.150734,0.751915805804208,0
-51.625171,21,4154.702273,1.068230416728235,2
-297.657743,100,4157.322033,0.0,0
-35.363536,17,4157.769882,0.8854644348573137,0
-262.639732,100,4160.606968,0.13790050601122542,1
-106.593037,43,4161.696882,0.9742803786264683,0
-300.908495,100,4164.160451,0.0,0
-302.46802,100,4166.581717,0.025932497881530677,0
-290.866456,100,4169.129135,0.0,0
-299.968032,100,4171.754117,0.0,0
-301.805139,100,4174.266739,0.0,0
-303.668655,100,4176.687557,0.09208627856832122,0
-296.976141,100,4179.144915,0.07493766899602891,0
-89.433104,36,4180.164456,0.7501235029533623,0
-297.282574,100,4182.686242,0.0,0
-93.950757,40,4183.709219,0.9462355570414063,1
-302.706716,100,4186.172189,0.0,0
-300.349138,100,4188.68183,0.0,0
-297.581393,100,4191.145557,0.09636697592992492,0
-36.889654,16,4191.549266,0.9710738023117673,0
-42.012781,18,4191.988736,0.8503541856272512,0
-44.101532,20,4192.535519,1.030820402888913,2
-262.884573,100,4195.411859,0.5066583880841554,0
-258.043832,100,4198.12079,0.4737184163497468,1
-36.37597,17,4198.543432,0.8556909754894505,1
-48.494515,23,4199.2403,1.0966939532925475,3
-300.191136,100,4201.864947,0.0,0
-33.391222,16,4202.303055,0.910616318066907,0
-41.720694,18,4202.757744,0.8978954577341652,0
-300.385328,100,4205.277308,0.13612943024816657,0
-146.197439,61,4223.911373,1.8078343089515205,3
-41.037137,18,4224.437377,0.7555134895408866,1
-298.572464,100,4226.832704,0.010843454751071234,0
-38.137744,17,4227.304658,1.0112710400355736,1
-303.119322,100,4229.748267,0.0,0
-44.388675,20,4230.256402,1.0984939796651405,4
-52.93455,24,4230.87181,0.9178584261724245,2
-31.81814,16,4231.325065,0.8168471443479436,1
-304.287723,100,4233.750859,0.0,0
-253.334659,100,4236.667138,0.41673867506494994,2
-44.198236,19,4237.23432,0.9922584535964043,3
-281.784143,100,4239.803442,0.07043657384961567,0
-45.759452,20,4240.367491,0.7505523674337324,3
-80.514187,36,4241.338224,1.0477841683733766,3
-299.614133,100,4243.823382,0.0,0
-32.184625,16,4244.266253,0.8602374961787778,0
-45.036468,21,4244.818129,0.7570315250959235,2
-302.232096,100,4247.195406,0.0,0
-297.098633,100,4249.598655,0.0,0
-30.803509,15,4250.004461,0.8537663481081508,1
-37.82981,17,4250.474912,0.9303372918248077,2
-40.946876,18,4250.954952,1.0417475781900352,1
-35.004538,16,4251.392064,0.8967128168954953,1
-51.035777,19,4251.876149,0.7536700789016204,2
-301.012901,100,4254.372272,0.0,0
-32.745093,15,4254.763468,0.8879227446204472,0
-300.670776,100,4257.235436,0.0,0
-293.945542,100,4259.639028,0.024389683242216086,0
-40.488715,18,4260.147321,0.7844960486113995,1
-298.830344,100,4262.700047,0.013520041712936463,0
-53.856938,20,4263.262412,0.7510564482854676,2
-55.114477,25,4263.935889,1.0087692725290127,5
-299.972347,100,4266.519402,0.0,0
-296.262811,100,4269.072325,0.0,0
-38.428769,17,4269.537777,0.9486160899824603,0
-39.926527,18,4269.996675,0.817598143125127,0
-301.911631,100,4272.500549,0.0,0
-310.708015,100,4274.84499,0.0,0
-302.157751,100,4277.355405,0.0,0
-91.781144,36,4278.206204,0.924069947721417,0
-34.028951,16,4278.600064,0.960242553309471,0
-296.806438,100,4281.012876,0.0,0
-298.460101,100,4283.565897,0.0,0
-42.076488,19,4284.037683,0.8406308453406622,2
-298.012388,100,4286.492467,0.0,0
-108.553938,42,4287.564179,0.8092165566119879,0
-31.929731,15,4287.939943,0.9861367923452826,1
-36.798626,17,4288.361254,0.7993642286551477,2
-301.7545,100,4290.835089,0.0,0
-246.84933,100,4293.435223,0.5905255895286231,1
-301.484775,100,4295.794687,0.0,0
-36.78233,17,4296.265301,0.8352070035334619,1
-299.009723,100,4298.638313,0.0,0
-40.051988,18,4299.157065,0.8672872137819743,2
-246.877845,100,4301.677249,0.7002360691748436,1
-299.075499,100,4304.236823,0.02138055223992712,0
-294.843508,100,4306.730189,0.0,0
-282.958418,100,4309.49481,0.04129491286074798,0
-54.622268,24,4310.105174,0.9863478530655442,2
-295.072578,100,4312.616782,0.1409756434998622,0
-299.7478,100,4314.985575,0.12664125315639752,0
-110.944924,50,4316.264077,1.1796728563999688,2
-40.291913,18,4316.715847,1.0025162560591045,1
-275.353735,100,4319.488852,0.0560933625677251,0
-302.452658,100,4322.125323,0.0,0
-301.640835,100,4324.676091,0.17403429193105932,0
-299.798278,100,4327.188757,0.0,0
-43.913165,19,4327.756171,0.8631381480535929,2
-297.293683,100,4330.185866,0.0,0
-296.034295,100,4332.714434,0.0,1
-302.924001,100,4335.151631,0.0,0
-301.025254,100,4337.69883,0.0,0
-279.143171,100,4339.969096,0.0,2
-45.417418,20,4340.527306,0.8001413795150023,3
-35.445565,16,4340.970695,1.0129553933929902,1
-34.903482,17,4341.408143,0.7645706802893992,1
-298.733047,100,4343.863386,0.0,0
-248.38636,100,4346.367223,0.4724696075703603,0
-295.65723,100,4348.897315,0.0,0
-305.694128,100,4368.013381,0.0,0
-38.236867,18,4368.518005,0.9000789117210029,2
-301.55554,100,4370.965835,0.0,0
-301.907464,100,4373.516594,0.0,0
-302.252502,100,4375.982549,0.0,0
-44.307325,20,4376.481826,1.0300457687816311,3
-44.360179,18,4376.931608,0.7511252643136218,1
-301.351293,100,4379.46364,0.0,0
-241.062764,100,4382.168707,0.7553632223579816,0
-304.547855,100,4384.748514,0.0,0
-303.30056,100,4387.339883,0.0,0
-78.679312,33,4388.13495,1.0467787686767633,1
-97.358534,41,4389.182805,0.7502028563900759,0
-82.561148,33,4390.04652,0.9432789638299854,2
-301.689962,100,4392.453492,0.0,0
-298.933141,100,4394.936689,0.0,0
-277.785901,100,4397.770931,0.0,3
-43.999086,19,4398.263742,0.8353507714420538,1
-49.513466,20,4398.736217,0.8368938603805385,2
-50.861715,20,4399.229278,0.835472724939975,2
-297.334874,100,4401.714614,0.0,0
-42.897365,20,4402.231939,0.8507998547947392,2
-301.477102,100,4404.710556,0.0,0
-251.89559,100,4407.618736,0.39387821784633764,0
-40.364445,18,4408.075381,0.8877165535245575,1
-40.271015,18,4408.541561,0.8999642909555099,2
-297.674639,100,4411.093928,0.0,0
-30.696043,15,4411.476284,0.9883551400375056,1
-287.864529,100,4413.982485,0.018689985154107937,3
-81.669901,33,4414.790237,1.0491673362589025,0
-31.285028,14,4415.173565,0.9019083611514898,0
-280.183645,100,4417.880436,0.1206093071373206,2
-68.547106,27,4418.599134,0.771183824666158,2
-258.035749,100,4421.364287,0.35326010355728743,0
-74.823696,32,4422.170725,0.9820419561454103,3
-301.485282,100,4424.69984,0.0,0
-43.219047,19,4425.193517,0.9895385615996692,3
-255.806995,100,4428.061918,0.48827496214625676,1
-275.323048,100,4430.800105,0.06549483439272662,0
-300.757099,100,4433.23435,0.0,0
-39.580704,18,4433.7567,0.8072014607067879,1
-39.830023,18,4434.219592,0.8551663845292972,1
-296.282862,100,4436.714196,0.0,0
-31.308889,14,4437.141892,0.9612064931163113,0
-292.546169,100,4439.67992,0.0,1
-297.713408,100,4442.071613,0.0,0
-41.620128,18,4442.582372,0.772694070548324,1
-35.980043,17,4443.073861,0.9482733697398348,1
-296.586161,100,4445.634619,0.0,0
-294.910608,100,4448.180808,0.0,0
-72.792458,31,4449.005582,0.9801994299709419,1
-299.796213,100,4451.410361,0.0,0
-282.281532,100,4454.128186,0.059171647918586874,3
-299.234328,100,4456.633846,0.0,0
-262.238061,100,4459.491057,0.07282731653917626,0
-254.553725,100,4462.346117,0.4529340839364197,1
-55.43332,21,4462.875596,0.7504305498079732,0
-34.443345,16,4463.267271,0.8831194773297556,0
-297.090213,100,4465.79352,0.0,0
-292.825173,100,4468.418689,0.0,0
-43.014266,19,4468.941618,0.818926624629151,3
-34.391082,16,4469.345007,0.9143289260289384,1
-243.05115,100,4471.903767,0.6146752520734443,0
-302.308364,100,4474.28839,0.10767836103780867,0
-73.812089,29,4475.051495,1.0733183719281554,1
-240.208938,100,4477.582182,0.5413614612826151,1
-295.256357,100,4479.975238,0.10775585844756783,0
-39.978134,18,4480.477855,0.8374189975720188,2
-290.316662,100,4482.856844,0.10796411338936562,0
-54.809937,25,4483.570743,0.9848752482530405,2
-300.744133,100,4486.091203,0.0,1
-36.578495,16,4486.518288,0.936594441408361,1
-299.191731,100,4489.114904,0.0,0
-253.224241,100,4492.018354,0.4561763451807742,2
-33.167435,15,4492.450437,1.0661966696356169,1
-257.192404,100,4495.282149,0.5697868824576904,0
-293.938891,100,4513.815382,0.05742946101335637,0
-256.165326,100,4516.495448,0.430722384006101,0
-301.910219,100,4519.089776,0.0,0
-300.806681,100,4521.574182,0.0,0
-52.730878,25,4522.243067,1.0672999062348805,3
-36.483713,17,4522.671298,1.0610636199407315,2
-290.723143,100,4525.265423,0.0,3
-34.010821,16,4525.674712,0.7635043961054824,2
-301.855095,100,4528.203034,0.0,0
-299.778438,100,4530.674426,0.0,0
-298.208102,100,4533.115987,0.007184188405825833,0
-301.983473,100,4535.614576,0.0,0
-45.359586,19,4536.120258,0.8424988458054988,3
-293.296047,100,4538.60451,0.0,0
-31.528162,15,4538.981037,0.9191036333119095,0
-298.051952,100,4541.505072,0.0,0
-302.383101,100,4543.971772,0.0,0
-302.450821,100,4546.395984,0.0,0
-298.533242,100,4548.845478,0.019962745969224635,0
-276.918265,100,4551.509352,0.07085829603140062,3
-301.148171,100,4554.100005,0.0,0
-297.14488,100,4556.607018,0.0,2
-295.656039,100,4559.128677,0.06848481047247496,0
-301.073256,100,4561.547374,0.0,0
-275.117702,100,4564.420137,0.10298164250669459,2
-259.223829,100,4567.353469,0.3828087080990091,0
-299.951233,100,4569.816984,0.0,0
-302.736751,100,4572.332071,0.0,0
-302.798211,100,4574.769048,0.07709227193817758,0
-297.612514,100,4577.177956,0.0,0
-298.995192,100,4579.632275,0.0,0
-301.279213,100,4582.196296,0.0,0
-256.558017,100,4585.00763,0.43093401625555255,0
-297.5024,100,4587.444886,0.0,0
-298.18791,100,4589.944683,0.0,0
-293.414309,100,4592.528597,0.0,0
-298.1441,100,4595.024524,0.0,0
-55.307538,23,4595.592719,1.1107329006267077,1
-302.532404,100,4598.083082,0.0,0
-300.286455,100,4600.576546,0.0,0
-280.134658,100,4603.21156,0.0,0
-253.16311,100,4605.893261,0.0,1
-291.26763,100,4608.370906,0.0,0
-299.614074,100,4610.870808,0.0,0
-299.899361,100,4613.316182,0.0,0
-235.458109,100,4615.936825,0.558648334950817,3
-35.140589,16,4616.335887,0.8210443010428277,1
-301.015089,100,4618.787456,0.09938505758276715,0
-293.215825,100,4621.333259,0.0,0
-37.602711,17,4621.780479,0.7788415954862838,1
-36.020913,17,4622.23055,0.8144612228322157,1
-272.216984,100,4625.044765,0.03035251584572803,0
-246.39363,100,4627.88715,0.410858460829283,0
-251.69032,100,4630.887096,0.3564915490675649,0
-300.674454,100,4633.340604,0.0,0
-39.950229,17,4633.813098,0.7531053087921278,0
-304.103683,100,4636.206722,0.0,0
-43.094281,18,4636.718854,0.9489756246021268,2
-301.983988,100,4639.154482,0.0,0
-60.33128,26,4656.533068,1.7002381771558415,3
-300.854502,100,4658.958581,0.0,0
-301.289678,100,4661.415283,0.0,0
-302.672597,100,4663.925529,0.0,0
-297.898675,100,4666.537349,0.0,0
-285.120868,100,4669.230902,0.0,2
-301.650713,100,4671.69178,0.0,0
-58.603188,22,4672.337984,0.7506208909713838,2
-288.513494,100,4674.815632,0.11573829966088588,2
-35.702848,17,4675.297176,0.7952884220443378,3
-45.083234,21,4675.860672,1.1292503650181902,1
-301.314311,100,4678.513929,0.0,0
-38.49737,17,4678.962665,0.8535032696083343,1
-273.299215,100,4681.640946,0.24705267016870056,0
-40.343092,18,4682.169785,1.141869251343314,1
-298.769651,100,4684.575768,0.0,0
-295.04839,100,4687.065035,0.0,0
-262.40198,100,4689.417606,0.5172544597586661,1
-303.278711,100,4691.872283,0.0,0
-239.547047,100,4694.640908,0.4515704170911575,0
-72.074594,28,4711.754682,0.8449930738298689,1
-299.347783,100,4716.49147,0.029296090038048624,0
-253.899511,100,4720.478932,0.5595943423790112,0
-301.798383,100,4723.197409,0.0,0
-54.838477,22,4723.838297,0.862353769983474,4
-293.036493,100,4726.753416,0.0,0
-71.348183,28,4727.488559,1.0748073962487146,0
-298.995813,100,4730.122166,0.0822081858395931,0
-299.942589,100,4732.796338,0.0,0
-294.131306,100,4735.671145,0.0,0
-300.058297,100,4738.402391,0.0,0
-33.775172,16,4738.869903,0.9021379595813263,1
-283.878002,100,4741.739848,0.0353115112933369,0
-292.541171,100,4744.487299,0.0,0
-63.237731,25,4745.133819,0.9988540620549754,1
-300.472671,100,4747.722743,0.0,0
-50.170495,20,4748.286229,0.796768914891493,4
-250.477048,100,4751.053555,0.01641099159628837,0
-49.837084,21,4751.686607,1.024370321101208,2
-298.787173,100,4754.332383,0.0,0
-300.89335,100,4756.946479,0.0,0
-298.937765,100,4759.480197,0.0,0
-301.290443,100,4761.967572,0.0,0
-297.567737,100,4764.614924,0.103948449971793,0
-297.13268,100,4767.353626,0.0,0
-40.735732,18,4767.824706,0.9809695322724743,3
-54.486293,21,4768.39491,0.7531965106091826,2
-49.798686,20,4768.94971,0.7829236647009722,2
-298.52287,100,4771.53659,0.05332667292211466,0
-46.407001,20,4772.117508,0.7500148869840337,2
-46.782652,20,4772.656612,0.8757058658024182,3
-293.775077,100,4775.321857,0.0,0
-301.79595,100,4777.951358,0.0,0
-299.923643,100,4780.531241,0.0,0
-299.270776,100,4783.169661,0.0,0
-298.708145,100,4785.722116,0.0,0
-257.970101,100,4788.77083,0.4281749993142828,0
-239.098356,100,4791.556331,0.6608087091781709,0
-63.363978,25,4792.246688,0.7500645820459548,0
-41.669941,18,4792.693211,1.1249388086367342,2
-298.719226,100,4795.185157,0.0,0
-298.615515,100,4797.749474,0.0,0
-36.631041,16,4798.197413,0.7886627735553571,1
-36.258408,16,4798.615689,1.0191275095012455,1
-47.818553,19,4799.140324,0.7535755334770401,0
-295.511213,100,4801.632341,0.045050678625763306,0
-297.707066,100,4804.148515,0.0,0
-300.233108,100,4806.677694,0.06005640194194509,0
-42.143555,18,4807.166634,0.8892046441904191,1
-259.66773,100,4826.978818,0.7677452844860341,0
-258.114262,100,4829.889366,0.37424820271416276,0
-301.584602,100,4832.451459,0.0,0
-302.60297,100,4834.929073,0.0,0
-302.604497,100,4837.451112,0.0,0
-297.200505,100,4840.033779,0.0,0
-86.054985,35,4840.839019,0.9895740559358345,0
-301.977919,100,4843.410471,0.0,0
-40.826928,18,4843.869908,1.0409745224360576,1
